Business Name, DUNS, Email, Website, Last Verified, Expiration Date, Year Established, Address1, Address2, City, State, Phone, Fax, NAICS Codes, Disabled Veteran Owned, Women Owned, Minority Owned
1Cybersecurity LLC,['DUNS: 080750233'],mailto:david@1CS.Business,http://www.1cs.business,['Last Verified: 11/15/2018 '],['Expiration Date: 11/15/2021 '],['Year Established: 2017'],['Business Address 1: 5150 BROADWAY STREET 446'],['Business Address 2:   '],['City: San Antonio '],['State/Territory: Texas'],['Phone: (210) 885-8935'],['Fax: (888) 864-4592'],{'Information' 'Professional Scientific and Technical Services'},True,False,False
1i Apparel LLC,['DUNS: 080315202'],mailto:easton@1igroup.com,https://www.1iapparel.com,['Last Verified: 2/23/2021 '],['Expiration Date: 2/23/2024 '],['Year Established: '],['Business Address 1: 8930 Four Winds Dr. Ste 224'],['Business Address 2:   '],['City: San Antonio '],['State/Territory: Texas'],['Phone: (210) 807-8777'],['Fax: 2108530190'],{'Manufacturing' 'Wholesale Trade'},True,False,False
1i Group LLC,['DUNS: 078635597'],mailto:easton@1igroup.com,https://1igroup.com/,['Last Verified: 8/26/2019 '],['Expiration Date: 8/26/2022 '],['Year Established: 2012'],['Business Address 1: 12002 Warfield Street Suite 209'],['Business Address 2:   '],['City: San Antonio '],['State/Territory: Texas'],['Phone: (210) 807-8777'],['Fax: (210) 853-0190'],{'Manufacturing' 'Wholesale Trade'},True,False,True
3 Terra MP LLC,['DUNS: 080758091'],mailto:evondran@atei97.com,www.3TerraMP.com,['Last Verified: 6/21/2018 '],['Expiration Date: 6/21/2021 '],['Year Established: 2017'],['Business Address 1: 8626 Tesoro Dr'],['Business Address 2: Ste 810  '],['City: San Antonio '],['State/Territory: Texas'],['Phone: 2109302834'],['Fax: 2109302834'],{'Mining' 'Health Care and Social Assistance' 'Professional Scientific and Technical Services'},True,False,False
4S Cyber Solutions LLC,['DUNS: 080710279'],mailto:info@4scybersolutions.com,http://www.4scybersolutions.com/,['Last Verified: 7/25/2018 '],['Expiration Date: 7/25/2021 '],['Year Established: 2017'],['Business Address 1: 4910 Macey Trail'],['Business Address 2:   '],['City: San Antonio '],['State/Territory: Texas'],['Phone: 8444735338'],['Fax: 2103011174'],{'Wholesale Trade' 'Information' 'Professional Scientific and Technical Services' 'Administrative and Support and Waste Management and Remediation Services'},True,False,True
AATD LLC,['DUNS: 042861498'],mailto:vernon.putnam@aatdata.com,https://www.aatd-llc.com,['Last Verified: 2/27/2020 '],['Expiration Date: 2/27/2023 '],['Year Established: 2010'],['Business Address 1: 4818 West Lake Oaks'],['Business Address 2:   '],['City: San Antonio '],['State/Territory: Texas'],['Phone: (210) 363-5427'],['Fax: (210) 277-7940'],{'Educational Services' 'Other Services (except Public Administration)' 'Information' 'Professional Scientific and Technical Services'},True,False,True
Ace Co,['DUNS: 088262522'],mailto:bettydrennan@acecosa.com,https://www.acecosa.com,['Last Verified: 10/2/2020 '],['Expiration Date: 10/2/2023 '],['Year Established: 1995'],['Business Address 1: 2571 Mac Arthur View'],['Business Address 2:   '],['City: San Antonio '],['State/Territory: Texas'],['Phone: (210) 494-2338'],['Fax: (210) 494-2338'],{'Transportation and Warehousing' 'Construction' 'Agriculture Forestry Fishing and Hunting' 'Administrative and Support and Waste Management and Remediation Services'},True,True,False
Adams 1 and 1 Consulting Services LLC,['DUNS: 081105997'],mailto:CEO@adams1and1.com,,['Last Verified: 1/16/2019 '],['Expiration Date: 1/16/2022 '],['Year Established: 2018'],['Business Address 1: 12034 Poinciana St.'],['Business Address 2:   '],['City: San Antonio '],['State/Territory: Texas'],['Phone: (210) 900-2736'],['Fax: '],{'Professional Scientific and Technical Services' 'Administrative and Support and Waste Management and Remediation Services'},True,False,True
Adjuvant Consulting Inc.,['DUNS: 168458110'],mailto:fred.casillas@aci-sdvob.com,http://www.aci-sdvob.com,['Last Verified: 4/12/2019 '],['Expiration Date: 4/12/2022 '],['Year Established: 2005'],['Business Address 1: 10205 Oasis St.'],['Business Address 2: Suite 220  '],['City: San Antonio '],['State/Territory: Texas'],['Phone: (210) 829-8560'],['Fax: (210) 417-4110'],{'Educational Services' 'Information' 'Professional Scientific and Technical Services' 'Administrative and Support and Waste Management and Remediation Services'},True,False,True
Adjuvant/Capital L.L.C.,['DUNS: 079820666'],mailto:fred.casillas@aci-sdvob.com,http://www.aci-sdvob.com,['Last Verified: 12/14/2018 '],['Expiration Date: 12/14/2021 '],['Year Established: 2015'],['Business Address 1: 10205 Oasis St. Ste. 220'],['Business Address 2:   '],['City: San Antonio '],['State/Territory: Texas'],['Phone: (210) 829-8560'],['Fax: (210) 417-4110'],{'Construction'},True,False,True
AegisMRO Inc.,['DUNS: 117343473'],mailto:darin@aegismro.com,http://www.aegismro.com,['Last Verified: 3/30/2020 '],['Expiration Date: 3/30/2023 '],['Year Established: 2019'],['Business Address 1: 702 Richland Hills Dr. Unit 760671'],['Business Address 2:   '],['City: San Antonio '],['State/Territory: Texas'],['Phone: (210) 409-3799'],['Fax: '],{'Wholesale Trade'},True,False,False
AETOS LLC,['DUNS: 117052424'],mailto:mnegrete@aetosllc.com,https://aetosllc.com/,['Last Verified: 8/26/2019 '],['Expiration Date: 8/26/2022 '],['Year Established: 2019'],['Business Address 1: 5310 STATICE HUNT'],['Business Address 2:   '],['City: San Antonio '],['State/Territory: Texas'],['Phone: (210) 687-7230'],['Fax: '],{'Information' 'Professional Scientific and Technical Services' 'Administrative and Support and Waste Management and Remediation Services'},True,False,True
Agentix Solutions LLC,['DUNS: 117639619'],mailto:sbyndom@agentixccc.com,,['Last Verified: 3/2/2021 '],['Expiration Date: 3/2/2024 '],['Year Established: '],['Business Address 1: 20079 Stone Oak Pkwy. Ste. 1105-481'],['Business Address 2:   '],['City: San Antonio '],['State/Territory: Texas'],['Phone: (210) 201-3774'],['Fax: '],{'Educational Services' 'Health Care and Social Assistance' 'Professional Scientific and Technical Services'},True,False,False
Alamo City Engineering Services Inc.,['DUNS: 023601987'],mailto:craig.stephens@aces.biz,http://www.aces.biz,['Last Verified: 4/5/2019 '],['Expiration Date: 4/5/2022 '],['Year Established: 2001'],['Business Address 1: 3463 Magic Drive'],['Business Address 2: Suite 137   '],['City: San Antonio '],['State/Territory: Texas'],['Phone: (210) 386-7340'],['Fax: '],{'Professional Scientific and Technical Services' 'Wholesale Trade'},True,False,False
Alamo Integrated Systems Inc.,['DUNS: 879389013'],mailto:scottk@alamois.cm,http://www.alamois.com,['Last Verified: 12/28/2020 '],['Expiration Date: 12/28/2023 '],['Year Established: '],['Business Address 1: 2805 S.W. Loop 410'],['Business Address 2:   '],['City: San Antonio '],['State/Territory: Texas'],['Phone: (210) 674-8041'],['Fax: '],{'Educational Services' 'Other Services (except Public Administration)' 'Professional Scientific and Technical Services' 'Administrative and Support and Waste Management and Remediation Services'},True,False,False
Alcazar Trades Inc.,['DUNS: 610560513'],mailto:ati06@satx.rr.com,,['Last Verified: 6/11/2019 '],['Expiration Date: 6/11/2022 '],['Year Established: 2002'],['Business Address 1: 4630 N. Loop 1604 W. Ste. 512'],['Business Address 2:   '],['City: San Antonio '],['State/Territory: Texas'],['Phone: (210) 732-1115'],['Fax: (210) 451-4817'],{'Administrative and Support and Waste Management and Remediation Services'},True,False,True
Aldow LLC,['DUNS: 080980488'],mailto:ceoaldow@gmail.com,www.aldowllc.com,['Last Verified: 10/21/2020 '],['Expiration Date: 10/21/2023 '],['Year Established: 2017'],['Business Address 1: 3535 Running Ranch'],['Business Address 2:   '],['City: San Antonio '],['State/Territory: Texas'],['Phone: 2103639333'],['Fax: '],{'Construction' 'Mining' 'Professional Scientific and Technical Services'},True,False,True
ALPHA Facilities Solutions LLC,['DUNS: 806134339'],mailto:kgarcia@alphafacilities.com,http://alphafacilities.com/,['Last Verified: 4/5/2019 '],['Expiration Date: 4/5/2022 '],['Year Established: 2007'],['Business Address 1: 11503 N.W. Military Hwy. Ste. 300'],['Business Address 2:   '],['City: San Antonio '],['State/Territory: Texas'],['Phone: (210) 601-3190'],['Fax: (210) 404-9841'],{'Professional Scientific and Technical Services' 'Administrative and Support and Waste Management and Remediation Services'},True,False,True
Alpha One Dev LLC,['DUNS: 023439232'],mailto:Pedro@alphaonedev.com,http://alphaonedev.com/,['Last Verified: 6/28/2019 '],['Expiration Date: 6/28/2022 '],['Year Established: 2018'],['Business Address 1: 7318 Bella Garden'],['Business Address 2:   '],['City: San Antonio '],['State/Territory: Texas'],['Phone: (210) 274-4350'],['Fax: '],{'Information' 'Manufacturing' 'Professional Scientific and Technical Services' 'Other Services (except Public Administration)' 'Construction'},True,False,False
Alpha Terra Engineering Inc.,['DUNS: 088204169'],mailto:evondran@atei97.com,www.atei97.com,['Last Verified: 8/14/2018 '],['Expiration Date: 8/14/2021 '],['Year Established: 1997'],['Business Address 1: 2627 Pebble Row'],['Business Address 2:   '],['City: San Antonio '],['State/Territory: Texas'],['Phone: 2103266991'],['Fax: '],{'Health Care and Social Assistance' 'Professional Scientific and Technical Services' 'Administrative and Support and Waste Management and Remediation Services'},True,False,False
AppddictionStudio Limited Liability Company,['DUNS: 968907076'],mailto:tporter@appddictionstudio.com,http://www.appddictionstudio.com,['Last Verified: 2/12/2019 '],['Expiration Date: 2/12/2022 '],['Year Established: 2011'],['Business Address 1: 14802 Jones Maltsberger Rd. Suite 2202'],['Business Address 2:   '],['City: San Antonio '],['State/Territory: Texas'],['Phone: (210) 859-9677'],['Fax: (210) 570-7936'],{'Information' 'Wholesale Trade' 'Manufacturing' 'Administrative and Support and Waste Management and Remediation Services' 'Retail Trade' 'Professional Scientific and Technical Services' 'Educational Services' 'Other Services (except Public Administration)' 'Health Care and Social Assistance'},True,False,True
ARA Government Services LLC,['DUNS: 116926602'],mailto:info@ara-gs.com,https://www.ara-gs.com,['Last Verified: 8/7/2019 '],['Expiration Date: 8/7/2022 '],['Year Established: 2018'],['Business Address 1: 6531 FM 78 Suite 110'],['Business Address 2:   '],['City: San Antonio '],['State/Territory: Texas'],['Phone: (210) 812-7027'],['Fax: (210) 729-7330'],{'Educational Services' 'Professional Scientific and Technical Services' 'Finance and Insurance' 'Administrative and Support and Waste Management and Remediation Services'},True,False,True
Arber Inc,['DUNS: 005075325'],mailto:corporate@arberinc.com,http://www.arberinc.com,['Last Verified: 4/6/2020 '],['Expiration Date: 4/6/2023 '],['Year Established: 2000'],['Business Address 1: 1716 S. San Marcos # 120'],['Business Address 2:   '],['City: San Antonio '],['State/Territory: Texas'],['Phone: (210) 736-6200'],['Fax: (210) 231-0301'],{'Administrative and Support and Waste Management and Remediation Services'},True,False,False
ARGIS Tech LLC,['DUNS: 117702724'],mailto:support@argistech.com,http://www.argistech.com,['Last Verified: 11/18/2020 '],['Expiration Date: 11/18/2023 '],['Year Established: '],['Business Address 1: 24245 Wilderness Oak #2206'],['Business Address 2:   '],['City: San Antonio '],['State/Territory: Texas'],['Phone: (210) 816-1074'],['Fax: '],{'Professional Scientific and Technical Services'},True,False,False
Armogan Solutions LLC,['DUNS: 080191496'],mailto:karen.krause@armogansolutions.com,http://www.armogansolutions.com,['Last Verified: 10/27/2020 '],['Expiration Date: 10/27/2023 '],['Year Established: 2015'],['Business Address 1: 205 College Blvd.'],['Business Address 2:   '],['City: San Antonio '],['State/Territory: Texas'],['Phone: (210) 388-3190'],['Fax: (210) 388-3190'],{'Professional Scientific and Technical Services'},True,True,False
Aseracon LLC,['DUNS: 116944122'],mailto:srg@aseracon.com,http://www.aseracon.com,['Last Verified: 8/26/2019 '],['Expiration Date: 8/26/2022 '],['Year Established: 2018'],['Business Address 1: 23020 S FORK'],['Business Address 2:   '],['City: San Antonio '],['State/Territory: Texas'],['Phone: (210) 265-5559'],['Fax: '],{'Accommodation and Food Services' 'Administrative and Support and Waste Management and Remediation Services' 'Transportation and Warehousing' 'Professional Scientific and Technical Services' 'Other Services (except Public Administration)'},True,False,True
Aspell Services Inc.,['DUNS: 078710578'],mailto:Maurice@Aspell.com,http://www.aspell.com,['Last Verified: 7/17/2020 '],['Expiration Date: 7/17/2023 '],['Year Established: 2012'],['Business Address 1: 247 Barbara Dr.'],['Business Address 2:   '],['City: San Antonio '],['State/Territory: Texas'],['Phone: (210) 767-3174'],['Fax: (210) 655-2338'],{'Information' 'Wholesale Trade' 'Administrative and Support and Waste Management and Remediation Services' 'Professional Scientific and Technical Services' 'Finance and Insurance' 'Educational Services'},True,False,False
Aspire Therapy Services and Consultants Inc.,['DUNS: 059417057'],mailto:info@aspiremedicalstaffing.com,http://www.aspiretherapyservices.com,['Last Verified: 2/13/2020 '],['Expiration Date: 2/13/2023 '],['Year Established: 2011'],['Business Address 1: 1003 Becket'],['Business Address 2: Suite 201  '],['City: San Antonio '],['State/Territory: Texas'],['Phone: (210) 998-2330'],['Fax: (888) 254-9654'],{'Educational Services' 'Health Care and Social Assistance' 'Administrative and Support and Waste Management and Remediation Services'},True,False,False
AUNINC Technology Solutions LLC,['DUNS: 117703718'],mailto:customerservice@auninc.com,,['Last Verified: 2/2/2021 '],['Expiration Date: 2/2/2024 '],['Year Established: '],['Business Address 1: 27019 Trinity Bend'],['Business Address 2:   '],['City: San Antonio '],['State/Territory: Texas'],['Phone: (210) 913-0648'],['Fax: '],{'Information' 'Wholesale Trade' 'Manufacturing' 'Retail Trade' 'Professional Scientific and Technical Services'},True,True,False
Auxilium Industries LLC,['DUNS: 117189361'],mailto:info@auxilium-ind.com,https://auxilium-ind.com/,['Last Verified: 1/9/2020 '],['Expiration Date: 1/9/2023 '],['Year Established: 2019'],['Business Address 1: 1306 Range Field'],['Business Address 2:   '],['City: San Antonio '],['State/Territory: Texas'],['Phone: (210) 571-4217'],['Fax: '],{'Professional Scientific and Technical Services' 'Administrative and Support and Waste Management and Remediation Services'},True,False,False
Avenir Mission Solutions LLC,['DUNS: 116724687'],mailto:AVENIRMISSIONSOLUTIONS@GMAIL.COM,https://www.avenirmissionsolutions.com,['Last Verified: 2/4/2019 '],['Expiration Date: 2/4/2022 '],['Year Established: 2018'],['Business Address 1: 3907 Grissom Grove'],['Business Address 2:   '],['City: San Antonio '],['State/Territory: Texas'],['Phone: (210) 788-9996'],['Fax: '],{'Educational Services' 'Professional Scientific and Technical Services'},True,False,True
Axiom Dynamix LLC,['DUNS: 081123560'],mailto:axiomdynamix@gvtc.com,,['Last Verified: 8/6/2018 '],['Expiration Date: 8/6/2021 '],['Year Established: 2018'],['Business Address 1: 26010 DAKOTA CHIEF'],['Business Address 2:   '],['City: SAN ANTONIO '],['State/Territory: Texas'],['Phone: 2103474811'],['Fax: 2103474811'],{'Educational Services' 'Health Care and Social Assistance' 'Professional Scientific and Technical Services' 'Administrative and Support and Waste Management and Remediation Services'},True,False,True
B&B Diagnostics LLC,['DUNS: 060670850'],mailto:barry@bbdiagnostics.com,http://www.bbdiagnostics.com,['Last Verified: 1/15/2019 '],['Expiration Date: 1/15/2022 '],['Year Established: 2010'],['Business Address 1: 227 N. Loop 1604 E. Ste. 150'],['Business Address 2:   '],['City: San Antonio '],['State/Territory: Texas'],['Phone: (210) 630-9931'],['Fax: '],{'Wholesale Trade'},True,False,True
Babco General Contractor LLC,['DUNS: 085864776'],mailto:shawn.babb@Babco-gc.com,,['Last Verified: 8/13/2019 '],['Expiration Date: 8/13/2022 '],['Year Established: 2019'],['Business Address 1: 24850 BLANCO RD STE 101'],['Business Address 2:   '],['City: San Antonio '],['State/Territory: Texas'],['Phone: (210) 669-7181'],['Fax: (210) 332-9665'],{'Construction'},True,False,False
Banta Medical Consulting Services LLC,['DUNS: 079120003'],mailto:brian.stark@bantamedicalservices.com,https://www.bantamedicalservices.com,['Last Verified: 5/1/2019 '],['Expiration Date: 5/1/2022 '],['Year Established: 2013'],['Business Address 1: 610 E. Market St. Unit 3113'],['Business Address 2:   '],['City: San Antonio '],['State/Territory: Texas'],['Phone: (210) 665-0345'],['Fax: '],{'Construction' 'Health Care and Social Assistance' 'Professional Scientific and Technical Services'},True,False,False
Billie Odell Stone,['DUNS: 116373627'],mailto:stobil10@aol.com,,['Last Verified: 5/31/2019 '],['Expiration Date: 5/31/2022 '],['Year Established: 1996'],['Business Address 1: 6353 Montgomery Dr.'],['Business Address 2:   '],['City: San Antonio '],['State/Territory: Texas'],['Phone: (210)842-6208'],['Fax: (210) 655-3975'],{'Accommodation and Food Services' 'Information' 'Administrative and Support and Waste Management and Remediation Services' 'Transportation and Warehousing' 'Professional Scientific and Technical Services' 'Other Services (except Public Administration)' 'Health Care and Social Assistance'},True,False,True
BION Sol LLC,['DUNS: 117855300'],mailto:ezramendez.ceo@bionsoltexas.org,,['Last Verified: 5/13/2021 '],['Expiration Date: 5/13/2024 '],['Year Established: '],['Business Address 1: 239 Antrim Drive'],['Business Address 2:   '],['City: San Antonio '],['State/Territory: Texas'],['Phone: (512) 787-6173'],['Fax: '],{'Accommodation and Food Services' 'Manufacturing' 'Administrative and Support and Waste Management and Remediation Services' 'Professional Scientific and Technical Services' 'Health Care and Social Assistance'},True,False,False
Blackstone Fuels Inc.,['DUNS: 117551422'],mailto:maxey@blackstonefuels.com,https://www.blackstonefuels.com,['Last Verified: 7/27/2020 '],['Expiration Date: 7/27/2023 '],['Year Established: 2020'],['Business Address 1: 1700 Jackson Keller Road'],['Business Address 2:   '],['City: San Antonio '],['State/Territory: Texas'],['Phone: (210) 307-8882'],['Fax: '],{'Wholesale Trade'},True,False,False
Blueside Consultants LLC,['DUNS: 098903603'],mailto:bluesideconsultants@gmail.com,,['Last Verified: 12/8/2020 '],['Expiration Date: 12/8/2023 '],['Year Established: '],['Business Address 1: 3331 Brooktree Court'],['Business Address 2:   '],['City: San Antonio '],['State/Territory: Texas'],['Phone: (210) 870-9910'],['Fax: '],{'Educational Services' 'Professional Scientific and Technical Services'},True,False,False
Bo Carrington and Associates LLC,['DUNS: 831275917'],mailto:bo@bcallc.net,https://bcallc.net,['Last Verified: 9/19/2018 '],['Expiration Date: 9/19/2021 '],['Year Established: 2006'],['Business Address 1: 1606 Braeburn Bend'],['Business Address 2:   '],['City: San Antonio '],['State/Territory: Texas'],['Phone: (210) 216-1071'],['Fax: (210) 764-0544'],{'Educational Services' 'Professional Scientific and Technical Services' 'Administrative and Support and Waste Management and Remediation Services'},True,False,False
Booker's Tree Service LLC,['DUNS: 022102961'],mailto:booker@bookerstreeservice.net,http://www.bookerstreeservice.net,['Last Verified: 4/1/2020 '],['Expiration Date: 4/1/2023 '],['Year Established: 1991'],['Business Address 1: 6515 Magic Oaks'],['Business Address 2:   '],['City: San Antonio '],['State/Territory: Texas'],['Phone: (210) 657-8085'],['Fax: (210) 657-5678'],{'Manufacturing' 'Construction' 'Administrative and Support and Waste Management and Remediation Services'},True,False,False
Britten Lift and Installation Services LLC,['DUNS: 015193488'],mailto:jbritten@britteninc.com,,['Last Verified: 3/16/2020 '],['Expiration Date: 3/16/2023 '],['Year Established: 2004'],['Business Address 1: 104 Chattington Court'],['Business Address 2:   '],['City: San Antonio '],['State/Territory: Texas'],['Phone: (210) 710-1432'],['Fax: '],{'Construction' 'Professional Scientific and Technical Services'},False,False,False
BTech Solutions LLC,['DUNS: 081467275'],mailto:rachell.l.bonds@gmail.com,,['Last Verified: 2/24/2020 '],['Expiration Date: 2/24/2023 '],['Year Established: 2018'],['Business Address 1: 12011 White River Drive'],['Business Address 2:   '],['City: San Antonio '],['State/Territory: Texas'],['Phone: (803) 528-1487'],['Fax: '],{'Educational Services' 'Professional Scientific and Technical Services' 'Administrative and Support and Waste Management and Remediation Services'},True,True,True
BTL Technologies Inc.,['DUNS: 141234745'],mailto:bkent@btltech.com,https://btltech.com,['Last Verified: 9/4/2019 '],['Expiration Date: 9/4/2022 '],['Year Established: 1999'],['Business Address 1: 1777 N.E. Loop 410'],['Business Address 2: Suite 704  '],['City: San Antonio '],['State/Territory: Texas'],['Phone: (210) 467-5033'],['Fax: (210) 467-5035'],{'Administrative and Support and Waste Management and Remediation Services' 'Professional Scientific and Technical Services' 'Educational Services' 'Other Services (except Public Administration)' 'Construction' 'Health Care and Social Assistance'},True,False,True
Carrington Consortium LLC,['DUNS: 963425157'],mailto:pbradley@carringtonconsortium.com,carringtonconsortium.com,['Last Verified: 1/15/2021 '],['Expiration Date: 1/15/2024 '],['Year Established: '],['Business Address 1: 1777 N.E. Loop 410 Suite 600 Office 624'],['Business Address 2:   '],['City: San Antonio '],['State/Territory: Texas'],['Phone: (210) 289-1199'],['Fax: '],{'Educational Services' 'Health Care and Social Assistance' 'Professional Scientific and Technical Services' 'Administrative and Support and Waste Management and Remediation Services'},True,True,True
Chandler McKellar LLC,['DUNS: 117814725'],mailto:mhern1224@gmail.com,,['Last Verified: 2/5/2021 '],['Expiration Date: 2/5/2024 '],['Year Established: '],["Business Address 1: 427 S. Saint Mary's Street"],['Business Address 2:   '],['City: San Antonio '],['State/Territory: Texas'],['Phone: (913) 220-4866'],['Fax: '],{'Manufacturing' 'Transportation and Warehousing' 'Retail Trade' 'Professional Scientific and Technical Services' 'Other Services (except Public Administration)' 'Health Care and Social Assistance'},True,False,False
Choe Enterprises Inc.,['DUNS: 042545488'],mailto:roscoe.sistrunk@gmail.com,,['Last Verified: 6/26/2020 '],['Expiration Date: 6/26/2023 '],['Year Established: 1995'],['Business Address 1: 115 E. Travis Street'],['Business Address 2: Suite 601  '],['City: San Antonio '],['State/Territory: Texas'],['Phone: (210) 837-2271'],['Fax: (210) 226-3156'],{'Transportation and Warehousing' 'Administrative and Support and Waste Management and Remediation Services'},True,False,False
Coley & Associates Inc.,['DUNS: 026814967'],mailto:jcoley@coleyassociates.com,https://www.coleysolutions.com/,['Last Verified: 1/3/2019 '],['Expiration Date: 1/3/2022 '],['Year Established: 2001'],['Business Address 1: 140 Heimer Ste. 400'],['Business Address 2:   '],['City: San Antonio '],['State/Territory: Texas'],['Phone: (210) 402-6766'],['Fax: (210) 402-6829'],{'Information' 'Administrative and Support and Waste Management and Remediation Services' 'Professional Scientific and Technical Services' 'Educational Services' 'Health Care and Social Assistance'},True,False,False
Consolidated Installation Support LLC,['DUNS: 790930296'],mailto:joe@vetcis.com,http://www.vetcis.com,['Last Verified: 2/10/2020 '],['Expiration Date: 2/10/2023 '],['Year Established: 2007'],['Business Address 1: 6531 FM78'],['Business Address 2: Suite 110-496  '],['City: San Antonio '],['State/Territory: Texas'],['Phone: (210) 387-0097'],['Fax: (210) 538-8316'],{'Administrative and Support and Waste Management and Remediation Services' 'Transportation and Warehousing' 'Professional Scientific and Technical Services' 'Educational Services' 'Construction'},True,False,True
Contractors Corner LLC,['DUNS: 831718833'],mailto:agarcia@concorusa.com,http://www.concorusa.com,['Last Verified: 3/13/2019 '],['Expiration Date: 3/13/2022 '],['Year Established: 2009'],['Business Address 1: 9515 Maverick Point'],['Business Address 2:   '],['City: San Antonio '],['State/Territory: Texas'],['Phone: (210) 462-3110'],['Fax: '],{'Construction' 'Administrative and Support and Waste Management and Remediation Services'},True,False,True
Conzeto Industries LLC,['DUNS: 042890790'],mailto:mvoto@conzeto.com,http://conzeto.com/,['Last Verified: 11/2/2018 '],['Expiration Date: 11/2/2021 '],['Year Established: 2010'],['Business Address 1: 4806 DAHLIA TER'],['Business Address 2:   '],['City: San Antonio '],['State/Territory: Texas'],['Phone: (210) 900-0066'],['Fax: '],{'Educational Services' 'Information' 'Professional Scientific and Technical Services'},True,False,True
CP2C3 LLC,['DUNS: 967178703'],mailto:jcaston@cp2c3.com,https://www.CP2C3.com,['Last Verified: 9/17/2020 '],['Expiration Date: 9/17/2023 '],['Year Established: 2011'],['Business Address 1: 1615 Mountain Cove'],['Business Address 2:   '],['City: San Antonio '],['State/Territory: Texas'],['Phone: (210) 232-7322'],['Fax: '],{'Professional Scientific and Technical Services'},True,False,False
Crescendo Advisory Group LLC,['DUNS: 115619927'],mailto:cris.medina@crescendo.group,http://crescendo.group,['Last Verified: 4/13/2020 '],['Expiration Date: 4/13/2023 '],['Year Established: 2018'],['Business Address 1: 8209 Sterling Green Drive'],['Business Address 2:   '],['City: San Antonio '],['State/Territory: Texas'],['Phone: (210) 216-7998'],['Fax: '],{'Construction' 'Real Estate Rental and Leasing' 'Professional Scientific and Technical Services' 'Administrative and Support and Waste Management and Remediation Services'},True,False,False
Crew Dog Holdings LLC,['DUNS: 081008873'],mailto:info@crewdogelectronics.com,www.crewdogelectronics.com,['Last Verified: 2/17/2021 '],['Expiration Date: 2/17/2024 '],['Year Established: 2017'],['Business Address 1: 4940 Flipper Drive'],['Business Address 2:   '],['City: San Antonio '],['State/Territory: Texas'],['Phone: 2109200568'],['Fax: 2109200568'],{'Wholesale Trade'},True,False,False
CRYPTO GLOBAL LOGISTICS LLC,['DUNS: 117821870'],mailto:kevinkabubei@gmail.com,,['Last Verified: 3/22/2021 '],['Expiration Date: 3/22/2024 '],['Year Established: '],['Business Address 1: 5530 Southern Oaks'],['Business Address 2:   '],['City: San Antonio '],['State/Territory: Texas'],['Phone: (210) 870-8242'],['Fax: '],{'Transportation and Warehousing' 'Retail Trade' 'Information' 'Wholesale Trade'},True,False,False
Curativo Enterprises LLC,['DUNS: 117564491'],mailto:darina@curativohemp.com,,['Last Verified: 5/4/2021 '],['Expiration Date: 5/4/2024 '],['Year Established: '],['Business Address 1: 5312 Carriage Cape'],['Business Address 2:   '],['City: San Antonio '],['State/Territory: Texas'],['Phone: (737) 242-0701'],['Fax: '],{'Information' 'Health Care and Social Assistance' 'Professional Scientific and Technical Services' 'Administrative and Support and Waste Management and Remediation Services'},True,True,False
CyberFenceIT LLC,['DUNS: 078640437'],mailto:charlesg@cyberfenceit.com,https://www.cyberfenceit.com,['Last Verified: 2/6/2020 '],['Expiration Date: 2/6/2023 '],['Year Established: 2012'],['Business Address 1: 2530 Portola View'],['Business Address 2:   '],['City: San Antonio '],['State/Territory: Texas'],['Phone: (828) 273-8266'],['Fax: '],{'Professional Scientific and Technical Services'},True,False,True
CyberTech-Global LLC,['DUNS: 117693522'],mailto:operations@cybertech-global.com,,['Last Verified: 2/16/2021 '],['Expiration Date: 2/16/2024 '],['Year Established: '],['Business Address 1: 10126 Wilderness Gap'],['Business Address 2:   '],['City: San Antonio '],['State/Territory: Texas'],['Phone: (737) 241-8078'],['Fax: '],{'Information' 'Arts Entertainment and Recreation' 'Administrative and Support and Waste Management and Remediation Services' 'Professional Scientific and Technical Services' 'Educational Services'},True,False,False
CYFOR Technologies LLC,['DUNS: 962063827'],mailto:sergio.muniz@cyfor.com,http://www.cyfor.com,['Last Verified: 2/1/2019 '],['Expiration Date: 2/1/2022 '],['Year Established: 2010'],['Business Address 1: 13750 San Pedro Suite 635'],['Business Address 2:   '],['City: San Antonio '],['State/Territory: Texas'],['Phone: (210) 354-7522'],['Fax: (210) 354-7525'],{'Manufacturing' 'Information' 'Professional Scientific and Technical Services'},True,False,True
Design Build Consortium LLC,['DUNS: 079171715'],mailto:javolio@designbcllc.com,http://designbcllc.com,['Last Verified: 2/21/2019 '],['Expiration Date: 2/21/2022 '],['Year Established: 2013'],['Business Address 1: 39 Amber Forest'],['Business Address 2:   '],['City: San Antonio '],['State/Territory: Texas'],['Phone: (210) 410-0348'],['Fax: '],{'Manufacturing' 'Utilities' 'Administrative and Support and Waste Management and Remediation Services' 'Professional Scientific and Technical Services' 'Educational Services' 'Other Services (except Public Administration)' 'Construction' 'Real Estate Rental and Leasing'},True,False,False
Dewkaf Solutions LLC,['DUNS: 080208501'],mailto:israel.adewole@dewkaf.com,http://www.dewkaf.com,['Last Verified: 7/5/2019 '],['Expiration Date: 7/5/2022 '],['Year Established: 2016'],['Business Address 1: 5926 AMBER ROSE'],['Business Address 2:   '],['City: SAN ANTONIO '],['State/Territory: Texas'],['Phone: (210) 992-3030'],['Fax: '],{'Information' 'Wholesale Trade' 'Manufacturing' 'Utilities' 'Administrative and Support and Waste Management and Remediation Services' 'Agriculture Forestry Fishing and Hunting' 'Transportation and Warehousing' 'Professional Scientific and Technical Services' 'Educational Services' 'Other Services (except Public Administration)' 'Construction' 'Mining'},True,False,True
Dgg Technology Services Limited Liability Company,['DUNS: 080370868'],mailto:gilbertsondg@gmail.com,http://virtualhealthinformatics.com,['Last Verified: 10/23/2019 '],['Expiration Date: 10/23/2022 '],['Year Established: 2016'],['Business Address 1: 710 Sentry Hill'],['Business Address 2:   '],['City: San Antonio '],['State/Territory: Texas'],['Phone: (210) 251-9877'],['Fax: (210) 251-9877'],{'Educational Services' 'Finance and Insurance' 'Professional Scientific and Technical Services' 'Administrative and Support and Waste Management and Remediation Services'},True,False,False
Digital Fire Team LLC,['DUNS: 067545428'],mailto:finance@digitalfireteam.com,https://www.digitalfireteam.com,['Last Verified: 11/25/2019 '],['Expiration Date: 11/25/2022 '],['Year Established: 2015'],['Business Address 1: 12116 N. NORTH LOOP ROAD'],['Business Address 2:   '],['City: San Antonio '],['State/Territory: Texas'],['Phone: (210) 951-3324'],['Fax: '],{'Other Services (except Public Administration)' 'Professional Scientific and Technical Services'},False,False,False
Dilligas Corp.,['DUNS: 825454957'],mailto:jgraves@usgotpeople.com,http://www.myusgp.com,['Last Verified: 3/16/2020 '],['Expiration Date: 3/16/2023 '],['Year Established: 2008'],['Business Address 1: 134 E. Mistletoe Ave.'],['Business Address 2:   '],['City: San Antonio '],['State/Territory: Texas'],['Phone: (210) 223-1100'],['Fax: (866) 208-9875'],{'Accommodation and Food Services' 'Information' 'Mining' 'Manufacturing' 'Administrative and Support and Waste Management and Remediation Services' 'Professional Scientific and Technical Services' 'Health Care and Social Assistance'},True,False,False
Donald L. Mooney Enterprises LLC,['DUNS: 019732036'],mailto:donmooney@nursesetc.net,https://www.nursesetc.net/,['Last Verified: 2/25/2019 '],['Expiration Date: 2/25/2022 '],['Year Established: 2000'],['Business Address 1: 16302 Pleasantville Road Suite 211'],['Business Address 2:   '],['City: San Antonio '],['State/Territory: Texas'],['Phone: (210) 566-9995'],['Fax: (210) 566-1862'],{'Health Care and Social Assistance' 'Administrative and Support and Waste Management and Remediation Services'},True,False,True
DorSun Global LLC,['DUNS: 080189514'],mailto:david@dorsunautomation.com,www.DorSunAutomation.com,['Last Verified: 4/24/2020 '],['Expiration Date: 4/24/2023 '],['Year Established: 2016'],['Business Address 1: 15007 Pintail'],['Business Address 2:   '],['City: San Antonio '],['State/Territory: Texas'],['Phone: 2109005171'],['Fax: 2103340189'],{'Construction'},True,False,False
Dynamic Advancement LLC,['DUNS: 080519075'],mailto:contracting@dynamicadvancement.com,http://www.dynamicadvancement.com,['Last Verified: 12/3/2019 '],['Expiration Date: 12/3/2022 '],['Year Established: 2017'],['Business Address 1: 5805 Callaghan Road  Suite 301'],['Business Address 2:   '],['City: San Antonio '],['State/Territory: Texas'],['Phone: (210) 742-1506'],['Fax: '],{'Educational Services' 'Health Care and Social Assistance' 'Administrative and Support and Waste Management and Remediation Services'},True,False,True
E Flow Electric Inc.,['DUNS: 807782771'],mailto:info@eflowsa.com,www.eflowsa.com,['Last Verified: 7/21/2020 '],['Expiration Date: 7/21/2023 '],['Year Established: 2007'],['Business Address 1: 4931 Enterprise Suite 2'],['Business Address 2:   '],['City: San Antonio '],['State/Territory: Texas'],['Phone: 2104659618'],['Fax: 2104657071'],{'Information' 'Wholesale Trade' 'Manufacturing' 'Professional Scientific and Technical Services' 'Construction'},True,False,True
Eagle One Solutions LLC,['DUNS: 081233759'],mailto:ssvabek@eagle1s.com,https://www.eagle1s.com,['Last Verified: 3/7/2019 '],['Expiration Date: 3/7/2022 '],['Year Established: 2018'],['Business Address 1: 7400 Blanco Rd.'],['Business Address 2: Ste. 260  '],['City: San Antonio '],['State/Territory: Texas'],['Phone: (540) 428-6699'],['Fax: '],{'Educational Services' 'Health Care and Social Assistance' 'Professional Scientific and Technical Services' 'Administrative and Support and Waste Management and Remediation Services'},True,False,False
Edwards Consulting Group LLC,['DUNS: 081148932'],mailto:tiffany@edwardscg.net,,['Last Verified: 11/26/2018 '],['Expiration Date: 11/26/2021 '],['Year Established: 2018'],['Business Address 1: 29051 San Clemente'],['Business Address 2:   '],['City: San Antonio '],['State/Territory: Texas'],['Phone: (210) 627-0577'],['Fax: '],{'Administrative and Support and Waste Management and Remediation Services' 'Professional Scientific and Technical Services' 'Educational Services' 'Other Services (except Public Administration)' 'Construction' 'Health Care and Social Assistance'},True,True,True
EmploYou LLC,['DUNS: 004185407'],mailto:info@seekinghr.com,https://www.seekinghr.com,['Last Verified: 5/3/2021 '],['Expiration Date: 5/3/2024 '],['Year Established: 2007'],['Business Address 1: 40 N.E. Loop 410 Ste. 445'],['Business Address 2:   '],['City: San Antonio '],['State/Territory: Texas'],['Phone: (210) 679-4879'],['Fax: 2102476199'],{'Educational Services' 'Health Care and Social Assistance' 'Professional Scientific and Technical Services' 'Administrative and Support and Waste Management and Remediation Services'},True,True,False
Executive  Solutions Group LLC,['DUNS: 117336218'],mailto:elijah.santiago@execsolutionsgroup.com,https://www.execsolutionsgroup.com,['Last Verified: 3/2/2020 '],['Expiration Date: 3/2/2023 '],['Year Established: 2018'],['Business Address 1: 11334 Eagle Tree'],['Business Address 2:   '],['City: San Antonio '],['State/Territory: Texas'],['Phone: (419) 277-4684'],['Fax: '],{'Professional Scientific and Technical Services' 'Administrative and Support and Waste Management and Remediation Services'},False,False,False
Federal Medical Services Inc.,['DUNS: 133375514'],mailto:ceofedmed@gmail.com,http://www.federalmedicalservices.wordpress.com,['Last Verified: 12/4/2020 '],['Expiration Date: 12/4/2023 '],['Year Established: '],['Business Address 1: 12915 Jones Maltsberger Suite 101'],['Business Address 2:   '],['City: San Antonio '],['State/Territory: Texas'],['Phone: (210) 601-2143'],['Fax: (210) 495-3302'],{'Professional Scientific and Technical Services' 'Administrative and Support and Waste Management and Remediation Services'},True,False,False
First Champion LLC,['DUNS: 084593686'],mailto:nfjenkins00@gmail.com,,['Last Verified: 7/9/2020 '],['Expiration Date: 7/9/2023 '],['Year Established: 2013'],['Business Address 1: 1721 S. WW White Rd. Ste. 120-29'],['Business Address 2:   '],['City: San Antonio '],['State/Territory: Texas'],['Phone: (225) 588-3882'],['Fax: (225) 588-3882'],{'Professional Scientific and Technical Services' 'Administrative and Support and Waste Management and Remediation Services'},True,False,False
Force Asset Management LLC,['DUNS: 081037763'],mailto:George.Wilburn@Forceam.com,http://www.forceam.com,['Last Verified: 1/3/2019 '],['Expiration Date: 1/3/2022 '],['Year Established: 2017'],['Business Address 1: 21750 Hardy Oak Blvd. Ste. 102'],['Business Address 2:   '],['City: San Antonio '],['State/Territory: Texas'],['Phone: (210) 563-1276'],['Fax: '],{'Professional Scientific and Technical Services' 'Administrative and Support and Waste Management and Remediation Services'},True,False,False
Fountain of Peace Counseling PLLC,['DUNS: 113597836'],mailto:sabizness17@yahoo.com,https://fountainofpeacepllc.com/,['Last Verified: 4/17/2020 '],['Expiration Date: 4/17/2023 '],['Year Established: 2019'],['Business Address 1: 7475 Callaghan Road Ste. 109'],['Business Address 2:   '],['City: San Antonio '],['State/Territory: Texas'],['Phone: (210) 253-9000'],['Fax: '],{'Health Care and Social Assistance'},False,True,False
Fox Truck World LLC,['DUNS: 052278242'],mailto:romie@foxtruckworld.com,http://www.foxtruckworld.com,['Last Verified: 3/29/2019 '],['Expiration Date: 3/29/2022 '],['Year Established: 2010'],['Business Address 1: 965 F.M. 1516 S.'],['Business Address 2:   '],['City: San Antonio '],['State/Territory: Texas'],['Phone: (210) 648-1660'],['Fax: (866) 388-6220'],{'Other Services (except Public Administration)'},False,False,False
Frontline Support Solutions LLC,['DUNS: 962362930'],mailto:JPerez@Frontline1.com,http://www.frontline1.com,['Last Verified: 6/13/2019 '],['Expiration Date: 6/13/2022 '],['Year Established: 2010'],['Business Address 1: 9504 I.H. 35 North'],['Business Address 2: Suite 204  '],['City: San Antonio '],['State/Territory: Texas'],['Phone: (210) 253-2400'],['Fax: (888) 795-0944'],{'Wholesale Trade' 'Manufacturing' 'Utilities' 'Administrative and Support and Waste Management and Remediation Services' 'Transportation and Warehousing' 'Professional Scientific and Technical Services' 'Other Services (except Public Administration)' 'Construction' 'Real Estate Rental and Leasing'},True,False,True
Full-Range Leadership Consulting Firm Inc.,['DUNS: 080989059'],mailto:drcarzellmiddleton@full-rangeleadership.com,https://full-rangeleadership.com,['Last Verified: 3/7/2019 '],['Expiration Date: 3/7/2022 '],['Year Established: 2017'],['Business Address 1: Encino Park Station'],['Business Address 2: 20403 Encino Ledge #593024  '],['City: San Antonio '],['State/Territory: Texas'],['Phone: (571) 550-0946'],['Fax: '],{'Educational Services' 'Professional Scientific and Technical Services'},True,True,True
G.A.P. Lighthouse Medical Equipment and Repairs LLC,['DUNS: 079840202'],mailto:gapmobility@gmail.com,,['Last Verified: 1/16/2020 '],['Expiration Date: 1/16/2023 '],['Year Established: 2015'],['Business Address 1: 5504 Bandera Road Suite. 601'],['Business Address 2:   '],['City: San Antonio '],['State/Territory: Texas'],['Phone: (210) 627-5570'],['Fax: '],{'Health Care and Social Assistance' 'Wholesale Trade'},True,False,False
G5S Consulting Group LLC,['DUNS: 081231325'],mailto:gregory.stevenson@g5sconsultingllc.com,https://g5sconsultinggroupllc.com,['Last Verified: 10/22/2018 '],['Expiration Date: 10/22/2021 '],['Year Established: 2018'],['Business Address 1: 141 Stone Hill Dr'],['Business Address 2:   '],['City: San Antonio '],['State/Territory: Texas'],['Phone: (210) 371-0202'],['Fax: '],{'Professional Scientific and Technical Services'},True,False,True
GBK Consultants LLC,['DUNS: 079770003'],mailto:gblackman@gbkconsultllc.com,http://www.gbkconsultllc.com,['Last Verified: 3/29/2019 '],['Expiration Date: 3/29/2022 '],['Year Established: 2014'],['Business Address 1: 1142 Tetford'],['Business Address 2:   '],['City: San Antonio '],['State/Territory: Texas'],['Phone: (210) 740-3883'],['Fax: (866) 376-9878'],{'Professional Scientific and Technical Services' 'Administrative and Support and Waste Management and Remediation Services'},True,False,True
Genesis Concepts & Consultants  LLC,['DUNS: 029272973'],mailto:gregory.hudson@genconcepts.com,http://www.genconcepts.com,['Last Verified: 7/19/2019 '],['Expiration Date: 7/19/2022 '],['Year Established: 2002'],['Business Address 1: 1777 N.E. Loop 410'],['Business Address 2: Ste. 1009  '],['City: San Antonio '],['State/Territory: Texas'],['Phone: (210) 451-5100'],['Fax: (210) 451-5102'],{'Information' 'Wholesale Trade' 'Arts Entertainment and Recreation' 'Administrative and Support and Waste Management and Remediation Services' 'Professional Scientific and Technical Services' 'Educational Services' 'Health Care and Social Assistance'},True,False,True
Greyson Professional Services Inc.,['DUNS: 105092478'],mailto:jdixon@greysonps.com,,['Last Verified: 9/13/2019 '],['Expiration Date: 9/13/2022 '],['Year Established: 2019'],['Business Address 1: 25935 SYMPHONIC HL'],['Business Address 2:   '],['City: San Antonio '],['State/Territory: Texas'],['Phone: (210) 833-6338'],['Fax: '],{'Health Care and Social Assistance' 'Professional Scientific and Technical Services'},True,False,False
Guardian Premier Solutions LLC,['DUNS: 018364978'],mailto:doug@gpscorps.com,https://www.gpscorps.com,['Last Verified: 8/29/2019 '],['Expiration Date: 8/29/2022 '],['Year Established: 2009'],['Business Address 1: 333 Valley Hi Drive'],['Business Address 2: Suite 2203  '],['City: San Antonio '],['State/Territory: Texas'],['Phone: (210) 870-9077'],['Fax: '],{'Arts Entertainment and Recreation' 'Retail Trade' 'Professional Scientific and Technical Services' 'Educational Services' 'Health Care and Social Assistance'},True,False,False
Hartfield Consulting LLC,['DUNS: 117840882'],mailto:hcveteranpost@gmail.com,http://www.hcpostproduction.com,['Last Verified: 3/3/2021 '],['Expiration Date: 3/3/2024 '],['Year Established: '],['Business Address 1: 9926 Balboa Island'],['Business Address 2:   '],['City: San Antonio '],['State/Territory: Texas'],['Phone: (888)789-4674'],['Fax: '],{'Information' 'Administrative and Support and Waste Management and Remediation Services' 'Arts Entertainment and Recreation' 'Professional Scientific and Technical Services' 'Educational Services' 'Other Services (except Public Administration)'},True,False,False
Haynes Marketing & Associates LLC,['DUNS: 830250952'],mailto:james@haynesmarketing.net,,['Last Verified: 12/7/2020 '],['Expiration Date: 12/7/2023 '],['Year Established: '],['Business Address 1: 3918 Naco Perrin Blvd.'],['Business Address 2: Suite 101  '],['City: San Antonio '],['State/Territory: Texas'],['Phone: (210) 803-7625'],['Fax: '],{'Professional Scientific and Technical Services' 'Administrative and Support and Waste Management and Remediation Services'},True,False,False
Health Facility Solutions Company,['DUNS: 132786505'],mailto:michele@hfscompany.com,hfscompany.com,['Last Verified: 4/1/2021 '],['Expiration Date: 4/1/2024 '],['Year Established: 2003'],['Business Address 1: 151 Algerita Dr.'],['Business Address 2:   '],['City: San Antonio '],['State/Territory: Texas'],['Phone: (210) 881-9714'],['Fax: 2108816808'],{'Manufacturing' 'Construction' 'Professional Scientific and Technical Services' 'Administrative and Support and Waste Management and Remediation Services'},True,True,False
Hyperion Biotechnology Inc.,['DUNS: 063027986'],mailto:kkalns@hyperionbiotechnology.com,http://www.hyperionbiotechnology.com,['Last Verified: 1/3/2020 '],['Expiration Date: 1/3/2023 '],['Year Established: 1998'],['Business Address 1: 13302 Langtry Street'],['Business Address 2:   '],['City: San Antonio '],['State/Territory: Texas'],['Phone: (210) 493-7452'],['Fax: (210) 342-2005'],{'Educational Services' 'Health Care and Social Assistance' 'Professional Scientific and Technical Services' 'Administrative and Support and Waste Management and Remediation Services'},True,True,False
Information Technology Future (iTF) LLC,['DUNS: 079721464'],mailto:Fred.Owens@informationTechFuture.com,http://informationtechfuture.com,['Last Verified: 6/12/2018 '],['Expiration Date: 6/12/2021 '],['Year Established: 2014'],['Business Address 1: 134 E. Skyview Drive'],['Business Address 2:   '],['City: San Antonio '],['State/Territory: Texas'],['Phone: 2104353631'],['Fax: '],{'Information' 'Professional Scientific and Technical Services'},True,False,False
Innocon Tech LLC,['DUNS: 081259589'],mailto:innocontech@gmail.com,,['Last Verified: 2/19/2019 '],['Expiration Date: 2/19/2022 '],['Year Established: 2018'],['Business Address 1: 3535 Running Ranch'],['Business Address 2:   '],['City: San Antonio '],['State/Territory: Texas'],['Phone: (210) 363-9333'],['Fax: '],{'Information' 'Professional Scientific and Technical Services' 'Administrative and Support and Waste Management and Remediation Services'},True,False,True
Instant Data Technologies Inc.,['DUNS: 127139611'],mailto:bramcharan@indatatech.com,http://www.indatatech.com,['Last Verified: 3/20/2019 '],['Expiration Date: 3/20/2022 '],['Year Established: 2000'],['Business Address 1: 85 N.E. Loop 410'],['Business Address 2: Suite 405  '],['City: San Antonio '],['State/Territory: Texas'],['Phone: (210) 344-0012'],['Fax: (210) 344-3540'],{'Wholesale Trade' 'Manufacturing' 'Administrative and Support and Waste Management and Remediation Services' 'Professional Scientific and Technical Services' 'Other Services (except Public Administration)'},True,False,True
Integrity Consultants LLC,['DUNS: 080680022'],mailto:briantcoles@gmail.com,,['Last Verified: 2/5/2021 '],['Expiration Date: 2/5/2024 '],['Year Established: '],['Business Address 1: 7919 Horse Hollow'],['Business Address 2:   '],['City: San Antonio '],['State/Territory: Texas'],['Phone: (832) 877-1492'],['Fax: '],{'Manufacturing' 'Retail Trade' 'Wholesale Trade'},False,False,False
Interconnect Solutions LLC,['DUNS: 117585092'],mailto:interconnectsolutionsllc@gmail.com,https://interconnectsolutionsllc.com,['Last Verified: 5/13/2021 '],['Expiration Date: 5/13/2024 '],['Year Established: '],['Business Address 1: 118 Broadway Street Suite 626'],['Business Address 2:   '],['City: San Antonio '],['State/Territory: Texas'],['Phone: (210) 842-9807'],['Fax: '],{'Other Services (except Public Administration)' 'Construction' 'Information' 'Professional Scientific and Technical Services'},True,False,False
ITI Solutions Inc.,['DUNS: 042328471'],mailto:jrpagan@iti-solutionsinc.com,http://www.ITI-SolutionsInc.com,['Last Verified: 5/10/2019 '],['Expiration Date: 5/10/2022 '],['Year Established: 2001'],['Business Address 1: 14603 Huebner Road Suite 2402'],['Business Address 2:   '],['City: San Antonio '],['State/Territory: Texas'],['Phone: (210) 733-5744'],['Fax: (210) 493-2235'],{'Educational Services' 'Other Services (except Public Administration)' 'Professional Scientific and Technical Services' 'Administrative and Support and Waste Management and Remediation Services'},True,False,True
J E Sinn Consulting LLC,['DUNS: 080586850'],mailto:joel.jesconsulting@gmail.com,,['Last Verified: 9/11/2019 '],['Expiration Date: 9/11/2022 '],['Year Established: 2017'],['Business Address 1: P.O. Box 780824'],['Business Address 2:   '],['City: San Antonio '],['State/Territory: Texas'],['Phone: (808) 330-7430'],['Fax: '],{'Construction' 'Mining' 'Professional Scientific and Technical Services' 'Administrative and Support and Waste Management and Remediation Services'},True,False,False
J&A Business Solutions LLC,['DUNS: 081161216'],mailto:info@jabs-llc.com,http://www.Jabs-llc.com,['Last Verified: 10/9/2018 '],['Expiration Date: 10/9/2021 '],['Year Established: 2018'],['Business Address 1: 5318 Freesia Spring'],['Business Address 2:   '],['City: SAN ANTONIO '],['State/Territory: Texas'],['Phone: (210) 538-1775'],['Fax: '],{'Construction' 'Information' 'Professional Scientific and Technical Services' 'Administrative and Support and Waste Management and Remediation Services'},True,False,False
J. L. Bass Enterprise LLC,['DUNS: 063190716'],mailto:jlbass47@jlbassconstruction.com,,['Last Verified: 4/20/2020 '],['Expiration Date: 4/20/2023 '],['Year Established: 2005'],['Business Address 1: 9827 Potranco Rd. Ste. 103-191'],['Business Address 2:   '],['City: San Antonio '],['State/Territory: Texas'],['Phone: (210) 910-7574'],['Fax: '],{'Construction' 'Real Estate Rental and Leasing' 'Administrative and Support and Waste Management and Remediation Services'},True,False,False
Jackie L. Gorman,['DUNS: 615352049'],mailto:jackie.gorman@ivyconsultingservices.com,,['Last Verified: 1/9/2019 '],['Expiration Date: 1/9/2022 '],['Year Established: 2004'],['Business Address 1: 4928 Beck Rd.'],['Business Address 2:   '],['City: San Antonio '],['State/Territory: Texas'],['Phone: (210) 648-3339'],['Fax: '],{'Professional Scientific and Technical Services'},True,True,True
Jade Wolf Operations LLC,['DUNS: 117000036'],mailto:admin@jwolfops.com,http://www.jwolfops.com,['Last Verified: 6/16/2020 '],['Expiration Date: 6/16/2023 '],['Year Established: 2018'],['Business Address 1: 134 E. Mistletoe Ave. Suite 210'],['Business Address 2:   '],['City: San Antonio '],['State/Territory: Texas'],['Phone: (210) 596-4122'],['Fax: '],{'Accommodation and Food Services' 'Health Care and Social Assistance' 'Professional Scientific and Technical Services' 'Administrative and Support and Waste Management and Remediation Services'},True,False,False
Jermaine L. Coleman,['DUNS: 117551834'],mailto:cge242008@outlook.com,https://www.colemanglobalenterprises.com/,['Last Verified: 7/14/2020 '],['Expiration Date: 7/14/2023 '],['Year Established: 2020'],['Business Address 1: 6007 Caramel Way'],['Business Address 2:   '],['City: San Antonio '],['State/Territory: Texas'],['Phone: (210)884-2563'],['Fax: '],{'Wholesale Trade' 'Manufacturing' 'Administrative and Support and Waste Management and Remediation Services' 'Arts Entertainment and Recreation' 'Professional Scientific and Technical Services' 'Educational Services' 'Construction' 'Health Care and Social Assistance'},True,False,False
Jlat Aero Group LLC,['DUNS: 081161355'],mailto:macosta@jlataero.com,http://www.jlataero.com,['Last Verified: 10/11/2018 '],['Expiration Date: 10/11/2021 '],['Year Established: 2018'],['Business Address 1: 11238 Palomino Bend'],['Business Address 2: 11238 Palomino Bend  '],['City: San Antonio '],['State/Territory: Texas'],['Phone: (210) 827-1887'],['Fax: (210) 688-0345'],{'Agriculture Forestry Fishing and Hunting' 'Transportation and Warehousing' 'Professional Scientific and Technical Services' 'Administrative and Support and Waste Management and Remediation Services'},True,False,True
Joch Enterprises LLC,['DUNS: 078644983'],mailto:jose@jochcc.com,http://www.jochcc.com/index.html,['Last Verified: 1/24/2020 '],['Expiration Date: 1/24/2023 '],['Year Established: 2012'],['Business Address 1: 5222 Sagerock Pass'],['Business Address 2:   '],['City: San Antonio '],['State/Territory: Texas'],['Phone: (210) 573-7561'],['Fax: '],{'Manufacturing' 'Administrative and Support and Waste Management and Remediation Services' 'Transportation and Warehousing' 'Other Services (except Public Administration)' 'Construction'},True,False,False
Johnson Venture Management Solutions Inc.,['DUNS: 080787897'],mailto:margiejohnson@jvmsolutions.net,http://www.jvmsolutions.net,['Last Verified: 6/10/2020 '],['Expiration Date: 6/10/2023 '],['Year Established: 2014'],['Business Address 1: 17806 IH 10 W. Suite 300'],['Business Address 2:   '],['City: San Antonio '],['State/Territory: Texas'],['Phone: (678) 300-4119'],['Fax: (706) 604-4725'],{'Professional Scientific and Technical Services' 'Administrative and Support and Waste Management and Remediation Services'},False,True,True
Johnson Venture Management Solutions Inc.,['DUNS: 080787897'],mailto:margiejohnson@jvmsolutions.net,http://www.jvmsolutions.net,['Last Verified: 6/10/2020 '],['Expiration Date: 6/10/2023 '],['Year Established: 2014'],['Business Address 1: 17806 IH 10 W. Suite 300'],['Business Address 2:   '],['City: San Antonio '],['State/Territory: Texas'],['Phone: (678) 300-4119'],['Fax: (706) 604-4725'],{'Professional Scientific and Technical Services' 'Administrative and Support and Waste Management and Remediation Services'},False,True,True
Jose Barrios,['DUNS: 081102309'],mailto:jbarrios_81@yahoo.com,,['Last Verified: 8/7/2018 '],['Expiration Date: 8/7/2021 '],['Year Established: 2018'],['Business Address 1: 8639 Fairhaven St Apt 2409'],['Business Address 2:   '],['City: san antonio '],['State/Territory: Texas'],['Phone: 2106250131'],['Fax: '],{'Construction' 'Professional Scientific and Technical Services'},True,False,True
Kaeppel Consulting LLC,['DUNS: 831039909'],mailto:scott@kaeppelconsulting.com,www.kaeppelconsulting.com,['Last Verified: 1/19/2021 '],['Expiration Date: 1/19/2024 '],['Year Established: 2009'],['Business Address 1: 1141 N Loop 1604 E'],['Business Address 2: No. 105 110  '],['City: San Antonio '],['State/Territory: Texas'],['Phone: 2103261137'],['Fax: 2672844276'],{'Educational Services' 'Professional Scientific and Technical Services' 'Administrative and Support and Waste Management and Remediation Services'},False,False,False
KBPI LLC,['DUNS: 829359376'],mailto:jerry@leanproviders.com,https://www.leanproviders.com,['Last Verified: 9/5/2019 '],['Expiration Date: 9/5/2022 '],['Year Established: 2015'],['Business Address 1: 1327 Whitby Tower'],['Business Address 2:   '],['City: San Antonio '],['State/Territory: Texas'],['Phone: (254) 217-3160'],['Fax: '],{'Professional Scientific and Technical Services'},False,False,True
KounterActions LLC,['DUNS: 080164836'],mailto:zzkyamas@gmail.com,http://www.kounteractions.com,['Last Verified: 3/28/2019 '],['Expiration Date: 3/28/2022 '],['Year Established: 2016'],['Business Address 1: 11754 Quailbrook'],['Business Address 2:   '],['City: San Antonio '],['State/Territory: Texas'],['Phone: (210) 385-4192'],['Fax: (210) 267-1692'],{'Educational Services' 'Information' 'Professional Scientific and Technical Services' 'Administrative and Support and Waste Management and Remediation Services'},True,False,True
L.J Pen-Test Consulting LLC,['DUNS: 081509412'],mailto:tata_joshua@yahoo.com,,['Last Verified: 9/5/2019 '],['Expiration Date: 9/5/2022 '],['Year Established: 2018'],['Business Address 1: 10543 Dugas Dr'],['Business Address 2:   '],['City: San Antonio '],['State/Territory: Texas'],['Phone: (505) 920-0204'],['Fax: '],{'Professional Scientific and Technical Services' 'Administrative and Support and Waste Management and Remediation Services'},True,False,True
Laredo Technical Services Inc.,['DUNS: 808832591'],mailto:joseph@laredotechnical.com,http://www.laredotechnical.com,['Last Verified: 1/15/2021 '],['Expiration Date: 1/15/2024 '],['Year Established: 2007'],['Business Address 1: 22011 Roan Bluff'],['Business Address 2:   '],['City: San Antonio '],['State/Territory: Texas'],['Phone: 2107052904'],['Fax: 2102479534'],{'Wholesale Trade' 'Administrative and Support and Waste Management and Remediation Services' 'Professional Scientific and Technical Services' 'Educational Services' 'Other Services (except Public Administration)' 'Health Care and Social Assistance'},True,False,True
Lavish Life Technologies LLC,['DUNS: 049986331'],mailto:josh@lavishlife.technology,https://www.lavishlife.technology,['Last Verified: 2/1/2021 '],['Expiration Date: 2/1/2024 '],['Year Established: '],['Business Address 1: 11335 Babcock Bend'],['Business Address 2:   '],['City: San Antonio '],['State/Territory: Texas'],['Phone: (904) 229-8223'],['Fax: '],{'Educational Services' 'Professional Scientific and Technical Services'},False,False,False
Leaning Forward Technologies LLC,['DUNS: 032601496'],mailto:tony.cannon@lfconsultingllc.com,www.lfconsultingllc.com,['Last Verified: 6/22/2018 '],['Expiration Date: 6/22/2021 '],['Year Established: 2011'],['Business Address 1: 19950 Huebner Rd 1710'],['Business Address 2:   '],['City: San Antonio '],['State/Territory: Texas'],['Phone: 2109128448'],['Fax: 2109128448'],{'Educational Services' 'Information' 'Professional Scientific and Technical Services' 'Administrative and Support and Waste Management and Remediation Services'},False,False,False
Links Contracting Partners LLC,['DUNS: 015112751'],mailto:linkscontractingllc@gmail.com,,['Last Verified: 2/9/2021 '],['Expiration Date: 2/9/2024 '],['Year Established: '],['Business Address 1: 18722 Rogers Pass'],['Business Address 2:   '],['City: San Antonio '],['State/Territory: Texas'],['Phone: (210) 289-2238'],['Fax: '],{'Administrative and Support and Waste Management and Remediation Services' 'Professional Scientific and Technical Services' 'Educational Services' 'Construction' 'Health Care and Social Assistance'},True,False,True
LiVion Technology LLC,['DUNS: 078794145'],mailto:jim.dycus@liviontechnology.com,www.liviontechnology.com,['Last Verified: 4/22/2021 '],['Expiration Date: 4/22/2024 '],['Year Established: 2013'],['Business Address 1: 802 E Quincy Suite 100'],['Business Address 2:   '],['City: San Antonio '],['State/Territory: Texas'],['Phone: (210) 889-7380'],['Fax: 2108555876'],{'Educational Services' 'Information' 'Professional Scientific and Technical Services' 'Administrative and Support and Waste Management and Remediation Services'},True,False,False
Lugosantiago Enterprise Group LLC,['DUNS: 080925892'],mailto:support@lugosantiagoeg.com,www.lugosantiagoeg.com,['Last Verified: 3/15/2021 '],['Expiration Date: 3/15/2024 '],['Year Established: 2017'],['Business Address 1: 14111 Laurel Branch'],['Business Address 2:   '],['City: San Antonio '],['State/Territory: Texas'],['Phone: 2103245475'],['Fax: '],{'Educational Services' 'Professional Scientific and Technical Services'},True,False,True
Madge's Food Company,['DUNS: 074722031'],mailto:info@madgesfood.com,https://www.madgesfood.com,['Last Verified: 12/6/2019 '],['Expiration Date: 12/6/2022 '],['Year Established: 2014'],['Business Address 1: 503 Chestnut Street'],['Business Address 2:   '],['City: San Antonio '],['State/Territory: Texas'],['Phone: (512) 355-0551'],['Fax: (210) 729-7550'],{'Manufacturing'},True,False,False
Mason Insurance Agency LLC.,['DUNS: 117558618'],mailto:rmason@masoninsuranceagency.net,https://www.masoninsuranceagency.net/,['Last Verified: 8/5/2020 '],['Expiration Date: 8/5/2023 '],['Year Established: 2019'],['Business Address 1: 16333 Vance Jackson Rd.'],['Business Address 2: Apt. 2037  '],['City: San Antonio '],['State/Territory: Texas'],['Phone: (877) 224-8389'],['Fax: (833) 422-0106'],{'Finance and Insurance'},True,False,False
McGoldrick Construction Services Corporation,['DUNS: 113315253'],mailto:pm@mcgoldrickconstructionservices.com,,['Last Verified: 3/5/2019 '],['Expiration Date: 3/5/2022 '],['Year Established: 1983'],['Business Address 1: 8627 Cinnamon Creek  Suite 301'],['Business Address 2:   '],['City: San Antonio '],['State/Territory: Texas'],['Phone: (210) 690-4585'],['Fax: (210) 690-4587'],{'Construction'},True,False,False
McLaurin LLC,['DUNS: 116939817'],mailto:info@mclaurinllc.com,http://www.mclaurinllc.com,['Last Verified: 5/29/2019 '],['Expiration Date: 5/29/2022 '],['Year Established: 2018'],['Business Address 1: 10730 Potranco Road STE 122-263'],['Business Address 2:   '],['City: San Antonio '],['State/Territory: Texas'],['Phone: (210) 488-1007'],['Fax: (210) 677-6187'],{'Professional Scientific and Technical Services' 'Administrative and Support and Waste Management and Remediation Services'},False,False,True
MD All Service Solutions Incorporated,['DUNS: 117881258'],mailto:gmitat@mdservice.solutions,,['Last Verified: 4/21/2021 '],['Expiration Date: 4/21/2024 '],['Year Established: '],['Business Address 1: 9827 Turquoise Place'],['Business Address 2:   '],['City: San Antonio '],['State/Territory: Texas'],['Phone: (740) 563-2274'],['Fax: '],{'Arts Entertainment and Recreation' 'Retail Trade' 'Professional Scientific and Technical Services' 'Educational Services' 'Real Estate Rental and Leasing'},True,True,False
Mendez Engineering PLLC,['DUNS: 078361989'],mailto:RMendez@MendezEngineering.com,http://www.MendezEngineering.com,['Last Verified: 12/19/2019 '],['Expiration Date: 12/19/2022 '],['Year Established: 2012'],['Business Address 1: 12950 Country Parkway Suite 120'],['Business Address 2:   '],['City: San Antonio '],['State/Territory: Texas'],['Phone: (210) 802-0808'],['Fax: '],{'Construction' 'Professional Scientific and Technical Services'},True,False,False
Mercy Medical Equipment Company,['DUNS: 038350351'],mailto:MATT@EMERCYMEDICAL.COM,www.emercymedical.com,['Last Verified: 1/29/2021 '],['Expiration Date: 1/29/2024 '],['Year Established: '],['Business Address 1: 1303 S. Comal'],['Business Address 2:   '],['City: San Antonio '],['State/Territory: Texas'],['Phone: (210) 224-9714'],['Fax: 2102249812'],{'Manufacturing' 'Retail Trade' 'Health Care and Social Assistance' 'Wholesale Trade'},False,False,False
MeriTec Services Inc.,['DUNS: 125136304'],mailto:andrew.jett@meritecservices.com,http://www.meritecservices.com,['Last Verified: 8/28/2020 '],['Expiration Date: 8/28/2023 '],['Year Established: 2002'],['Business Address 1: 12770 Cimarron Path Suite 118'],['Business Address 2:   '],['City: San Antonio '],['State/Territory: Texas'],['Phone: (210) 694-4635'],['Fax: (210) 694-4633'],{'Information' 'Wholesale Trade' 'Administrative and Support and Waste Management and Remediation Services' 'Professional Scientific and Technical Services' 'Educational Services'},False,False,False
Merletti Gonzales & Associates International Security Consultants L.L.C.,['DUNS: 084715628'],mailto:ralph@merlettigonzales.com,http://www.merlettigonzales.com,['Last Verified: 10/29/2020 '],['Expiration Date: 10/29/2023 '],['Year Established: 2016'],['Business Address 1: 106 S. Saint Marys St.'],['Business Address 2: Ste. 260  '],['City: San Antonio '],['State/Territory: Texas'],['Phone: (214) 934-0267'],['Fax: '],{'Professional Scientific and Technical Services' 'Administrative and Support and Waste Management and Remediation Services'},False,False,False
MH Contracting LLC,['DUNS: 080346474'],mailto:mhcontracting78@yahoo.com,,['Last Verified: 3/22/2021 '],['Expiration Date: 3/22/2024 '],['Year Established: '],['Business Address 1: 12908 Huntsman Rd.'],['Business Address 2:   '],['City: San Antonio '],['State/Territory: Texas'],['Phone: (210) 373-1639'],['Fax: '],{'Construction' 'Administrative and Support and Waste Management and Remediation Services'},True,False,False
MILSpec Logistics LLC,['DUNS: 080632687'],mailto:shan@milspeclogistics.com,www.milspeclogistics.com,['Last Verified: 2/5/2021 '],['Expiration Date: 2/5/2024 '],['Year Established: 2017'],['Business Address 1: 303 Myrtle Oak'],['Business Address 2:   '],['City: San Antonio '],['State/Territory: Texas'],['Phone: (210) 391-5602'],['Fax: 8772929353'],{'Educational Services' 'Professional Scientific and Technical Services' 'Wholesale Trade'},True,False,True
MJKD AND ASSOCIATES INC,['DUNS: 806327206'],mailto:mforsyth@mjkda.com,http://www.mjkda.com,['Last Verified: 6/11/2019 '],['Expiration Date: 6/11/2022 '],['Year Established: 2008'],['Business Address 1: 1635 ADOBE SQUARE DR'],['Business Address 2:   '],['City: SAN ANTONIO '],['State/Territory: Texas'],['Phone: (210) 876-4086'],['Fax: (210) 247-9665'],{'Educational Services' 'Professional Scientific and Technical Services'},True,False,False
MJW Medical Solutions Inc,['DUNS: 809092641'],mailto:mjwmedsol@att.net,http://www.mjwmedicalsolutions.com,['Last Verified: 8/8/2019 '],['Expiration Date: 8/8/2022 '],['Year Established: 2007'],['Business Address 1: 45 N.E. Loop 410 Ste. 209'],['Business Address 2:   '],['City: San Antonio '],['State/Territory: Texas'],['Phone: (210) 858-8997'],['Fax: (210) 858-6286'],{'Educational Services' 'Health Care and Social Assistance' 'Wholesale Trade'},True,False,True
Moose Engineers LLC,['DUNS: 026032101'],mailto:mikeh@mooseengineers.com,http://www.MooseEngineers.com,['Last Verified: 5/11/2020 '],['Expiration Date: 5/11/2023 '],['Year Established: 2018'],['Business Address 1: 1344 S. Flores Ste. 203'],['Business Address 2:   '],['City: San Antonio '],['State/Territory: Texas'],['Phone: (210) 361-1400'],['Fax: '],{'Professional Scientific and Technical Services'},True,False,False
MTM Business Solutions LLC,['DUNS: 050915675'],mailto:sheryl@mtmbizsolutions.com,http://www.mtmbizsolutions.com,['Last Verified: 7/12/2019 '],['Expiration Date: 7/12/2022 '],['Year Established: 2016'],['Business Address 1: 21931 Ruby Run'],['Business Address 2:   '],['City: San Antonio '],['State/Territory: Texas'],['Phone: (210) 309-7709'],['Fax: '],{'Professional Scientific and Technical Services'},True,True,True
My Business Matches Inc.,['DUNS: 078608483'],mailto:info@mybusinessmatches.com,http://www.mybusinessmatches.com,['Last Verified: 5/9/2019 '],['Expiration Date: 5/9/2022 '],['Year Established: 2009'],['Business Address 1: 11002 Bowden Cross'],['Business Address 2:   '],['City: San Antonio '],['State/Territory: Texas'],['Phone: (210) 858-7379'],['Fax: '],{'Professional Scientific and Technical Services' 'Administrative and Support and Waste Management and Remediation Services'},True,False,True
Myles Solutions LLC,['DUNS: 117679807'],mailto:info@mylessolutions.com,,['Last Verified: 10/19/2020 '],['Expiration Date: 10/19/2023 '],['Year Established: '],['Business Address 1: 14502 Rawhide Way'],['Business Address 2:   '],['City: San Antonio '],['State/Territory: Texas'],['Phone: (210) 323-8763'],['Fax: '],{'Transportation and Warehousing' 'Professional Scientific and Technical Services' 'Administrative and Support and Waste Management and Remediation Services'},True,False,False
Nationwide Pharmaceutical LLC,['DUNS: 079265801'],mailto:info@nwp-mail.com,http://www.nationwidepharmaceutical.com,['Last Verified: 10/9/2018 '],['Expiration Date: 10/9/2021 '],['Year Established: 2014'],['Business Address 1: 1270 N. Loop 1604 E. Suite 1306'],['Business Address 2:   '],['City: San Antonio '],['State/Territory: Texas'],['Phone: (800) 697-3329'],['Fax: (800) 697-3329'],{'Information' 'Wholesale Trade' 'Manufacturing' 'Transportation and Warehousing' 'Retail Trade' 'Professional Scientific and Technical Services' 'Finance and Insurance' 'Health Care and Social Assistance'},True,False,False
OJH Services Inc.,['DUNS: 079125160'],mailto:oscarhernandez@icloud.com,http://www.MSOT.us,['Last Verified: 8/4/2020 '],['Expiration Date: 8/4/2023 '],['Year Established: 2007'],['Business Address 1: P.O. Box 782576'],['Business Address 2:   '],['City: San Antonio '],['State/Territory: Texas'],['Phone: (210) 838-5878'],['Fax: (877) 890-0383'],{'Manufacturing' 'Wholesale Trade'},False,False,False
Omega Flooring Inc. ,['DUNS: 014933175'],mailto:bvcg1@msn.com,,['Last Verified: 1/8/2021 '],['Expiration Date: 1/8/2024 '],['Year Established: '],['Business Address 1: 2410 Cerca Madera'],['Business Address 2:   '],['City: San Antonio '],['State/Territory: Texas'],['Phone: (210) 413-8550'],['Fax: '],{'Construction' 'Retail Trade'},True,False,False
One Source IT LLC,['DUNS: 622416548'],mailto:VetBiz@OneSourceIT.biz,http://OneSourceIT.biz,['Last Verified: 7/29/2019 '],['Expiration Date: 7/29/2022 '],['Year Established: 2012'],['Business Address 1: 14410 Perchin St.'],['Business Address 2:   '],['City: San Antonio '],['State/Territory: Texas'],['Phone: (210) 854-9900'],['Fax: '],{'Information' 'Professional Scientific and Technical Services'},False,False,False
Osi Vision LLC,['DUNS: 078360754'],mailto:tony.arevalo@osivision.com,www.osivision.com,['Last Verified: 5/30/2018 '],['Expiration Date: 5/30/2021 '],['Year Established: 2011'],['Business Address 1: 100 Sandau Suite 210'],['Business Address 2:   '],['City: San Antonio '],['State/Territory: Texas'],['Phone: 2109077125'],['Fax: 2109077232'],{'Professional Scientific and Technical Services' 'Administrative and Support and Waste Management and Remediation Services'},False,False,True
PetroOps LLC,['DUNS: 085324687'],mailto:lamar.sales@petroopsllc.com,http://www.petroops.com,['Last Verified: 6/1/2020 '],['Expiration Date: 6/1/2023 '],['Year Established: 2016'],['Business Address 1: 8927 Azalea Pointe'],['Business Address 2:   '],['City: San Antonio '],['State/Territory: Texas'],['Phone: (843) 810-9427'],['Fax: '],{'Manufacturing' 'Transportation and Warehousing' 'Wholesale Trade'},True,False,False
Portfolio Consulting LLC,['DUNS: 800016409'],mailto:Dottie@Portfolioconsultingllc.com,http://www.Portfolioconsultingllc.com,['Last Verified: 10/25/2018 '],['Expiration Date: 10/25/2021 '],['Year Established: 2007'],['Business Address 1: 2714 Wonderview Dr'],['Business Address 2:   '],['City: San Antonio '],['State/Territory: Texas'],['Phone: (267) 257-8089'],['Fax: (210) 474-6652'],{'Educational Services' 'Professional Scientific and Technical Services' 'Administrative and Support and Waste Management and Remediation Services'},True,True,False
Potential Realized LLC,['DUNS: 041318052'],mailto:dana@whatsyourpr.com,http://whatsyourpr.com,['Last Verified: 2/7/2019 '],['Expiration Date: 2/7/2022 '],['Year Established: 2017'],['Business Address 1: P.O. Box 593061'],['Business Address 2:   '],['City: San Antonio '],['State/Territory: Texas'],['Phone: (210) 439-0935'],['Fax: '],{'Other Services (except Public Administration)' 'Professional Scientific and Technical Services'},True,True,False
Precision Scheduling Consultants LLC,['DUNS: 966119377'],mailto:lg@precisionscheduling.com,http://www.precisionschedulingconsultants.com,['Last Verified: 3/18/2020 '],['Expiration Date: 3/18/2023 '],['Year Established: 2010'],['Business Address 1: 10715 GULFDALE ST STE 260'],['Business Address 2:   '],['City: San Antonio '],['State/Territory: Texas'],['Phone: 2106939475'],['Fax: 8775659955'],{'Professional Scientific and Technical Services'},True,False,False
Prime Universal Group LLC,['DUNS: 965079424'],mailto:gabriel.hilario@primeuniversal.com,http://www.primeuniversal.com,['Last Verified: 6/17/2019 '],['Expiration Date: 6/17/2022 '],['Year Established: 2010'],['Business Address 1: 400 N. Loop 1604 E.'],['Business Address 2: Ste. 120  '],['City: San Antonio '],['State/Territory: Texas'],['Phone: (210) 319-3193'],['Fax: (210) 568-4446'],{'Administrative and Support and Waste Management and Remediation Services' 'Transportation and Warehousing' 'Professional Scientific and Technical Services' 'Educational Services' 'Construction'},True,False,True
Prosperitus Solutions LLC,['DUNS: 969751838'],mailto:ghernandez@prosperitussolutions.com,http://www.prosperitussolutions.com,['Last Verified: 7/31/2019 '],['Expiration Date: 7/31/2022 '],['Year Established: 2011'],['Business Address 1: 1014 Peabody Avenue'],['Business Address 2:   '],['City: San Antonio '],['State/Territory: Texas'],['Phone: (210) 468-2660'],['Fax: (210) 247-9347'],{'Administrative and Support and Waste Management and Remediation Services' 'Transportation and Warehousing' 'Professional Scientific and Technical Services' 'Educational Services' 'Health Care and Social Assistance'},True,True,True
Quality Services International LLC,['DUNS: 001735856'],mailto:francisco.arevalo@qsillc.com,http://www.qsillc.com,['Last Verified: 7/22/2019 '],['Expiration Date: 7/22/2022 '],['Year Established: 2000'],['Business Address 1: 219 N. Alamo Ste. 200'],['Business Address 2:   '],['City: San Antonio '],['State/Territory: Texas'],['Phone: (210) 212-8784'],['Fax: (210) 212-8790'],{'Construction' 'Utilities' 'Accommodation and Food Services' 'Administrative and Support and Waste Management and Remediation Services'},True,False,True
R3D Realty LLC,['DUNS: 117766503'],mailto:r3drealty@gmail.com,,['Last Verified: 2/26/2021 '],['Expiration Date: 2/26/2024 '],['Year Established: '],['Business Address 1: 211 Zornia Drive'],['Business Address 2:   '],['City: San Antonio '],['State/Territory: Texas'],['Phone: (210) 294-4844'],['Fax: '],{'Other Services (except Public Administration)' 'Health Care and Social Assistance'},True,False,False
RC4Vets LLC,['DUNS: 117222735'],mailto:warren.beck@rc4vets.com, ,['Last Verified: 6/2/2020 '],['Expiration Date: 6/2/2023 '],['Year Established: 2019'],['Business Address 1: 1004 Duke Road Ste. 101B'],['Business Address 2:   '],['City: San Antonio '],['State/Territory: Texas'],['Phone: (901) 485-1008'],['Fax: (901) 284-0295'],{'Educational Services' 'Professional Scientific and Technical Services'},True,False,False
RCK Environmental Services LLC,['DUNS: 080577472'],mailto:rkull@rckes.com,https://www.rckes.com,['Last Verified: 2/3/2021 '],['Expiration Date: 2/3/2024 '],['Year Established: '],['Business Address 1: 1604 Tracy Drive'],['Business Address 2:   '],['City: San Antonio '],['State/Territory: Texas'],['Phone: (757) 755-6259'],['Fax: 8307144961'],{'Professional Scientific and Technical Services' 'Administrative and Support and Waste Management and Remediation Services'},False,False,False
Red Knight L.L.C.,['DUNS: 967035929'],mailto:red.thomas@redknightllc.com,,['Last Verified: 12/21/2018 '],['Expiration Date: 12/21/2021 '],['Year Established: 2011'],['Business Address 1: 12126 Edward Conrad'],['Business Address 2:   '],['City: San Antonio '],['State/Territory: Texas'],['Phone: (210) 880-5777'],['Fax: '],{'Information' 'Wholesale Trade' 'Professional Scientific and Technical Services' 'Educational Services' 'Other Services (except Public Administration)'},True,False,False
RegeniSource LLC,['DUNS: 080511300'],mailto:rod.rodriguez@regenisource.com,http://regenisourcegov.com,['Last Verified: 4/21/2020 '],['Expiration Date: 4/21/2023 '],['Year Established: 2017'],['Business Address 1: 3331 Monarch'],['Business Address 2:   '],['City: San Antonio '],['State/Territory: Texas'],['Phone: (210) 971-7542'],['Fax: (210) 973-7582'],{'Manufacturing' 'Wholesale Trade'},True,False,True
Remwerks LLC,['DUNS: 079212470'],mailto:info@remwerks.com,www.remwerks.com,['Last Verified: 5/6/2020 '],['Expiration Date: 5/6/2023 '],['Year Established: 2013'],['Business Address 1: 7204 Seidel Rd'],['Business Address 2:   '],['City: San Antonio '],['State/Territory: Texas'],['Phone: 2103201285'],['Fax: '],{'Professional Scientific and Technical Services' 'Administrative and Support and Waste Management and Remediation Services'},True,False,False
Richard Holmes,['DUNS: 116556931'],mailto:richnsonwc210@gmail.com,,['Last Verified: 6/4/2018 '],['Expiration Date: 6/4/2021 '],['Year Established: 2018'],['Business Address 1: 7700 Ingram Rd'],['Business Address 2: 303  '],['City: San Antonio '],['State/Territory: Texas'],['Phone: 2108004346'],['Fax: '],{'Other Services (except Public Administration)' 'Administrative and Support and Waste Management and Remediation Services'},True,False,False
RM Coding Solutions LLC,['DUNS: 079546543'],mailto:Vet@rmcodingsolutions.com,https://rmcodingsolutions.com,['Last Verified: 11/16/2020 '],['Expiration Date: 11/16/2023 '],['Year Established: 2014'],['Business Address 1: 4 Stirman Way'],['Business Address 2:   '],['City: San Antonio '],['State/Territory: Texas'],['Phone: (210) 749-5232'],['Fax: '],{'Professional Scientific and Technical Services'},True,False,True
RM Ultimate Construction LLC,['DUNS: 791029767'],mailto:RMUC@SBCGLOBAL.NET,,['Last Verified: 2/11/2021 '],['Expiration Date: 2/11/2024 '],['Year Established: 2007'],['Business Address 1: 1716 S. San Marcos 205'],['Business Address 2:   '],['City: San Antonio '],['State/Territory: Texas'],['Phone: 2102234335'],['Fax: 2102234335'],{'Construction' 'Administrative and Support and Waste Management and Remediation Services'},True,False,False
Ruck Up Recruiting LLC,['DUNS: 116917542'],mailto:amiranda@ruckuprecruiting.com,https://www.ruckuprecruiting.com,['Last Verified: 2/4/2019 '],['Expiration Date: 2/4/2022 '],['Year Established: 2018'],['Business Address 1: 10315 BRIAR ROSE'],['Business Address 2:   '],['City: San Antonio '],['State/Territory: Texas'],['Phone: (915) 873-5940'],['Fax: '],{'Administrative and Support and Waste Management and Remediation Services'},True,False,True
Sandoval Technology Solutions LLC,['DUNS: 078652601'],mailto:info@sandtechsolutions.com,www.sandtechsolutions.com,['Last Verified: 7/27/2018 '],['Expiration Date: 7/27/2021 '],['Year Established: 2012'],['Business Address 1: 4238 Gage Crossing'],['Business Address 2:   '],['City: San Antonio '],['State/Territory: Texas'],['Phone: 2109126391'],['Fax: 2108552994'],{'Educational Services' 'Information' 'Professional Scientific and Technical Services' 'Administrative and Support and Waste Management and Remediation Services'},True,False,True
Secure Apps LLC,['DUNS: 080695446'],mailto:marcus.hervey@secureapps.com,www.secureapps.com,['Last Verified: 12/2/2020 '],['Expiration Date: 12/2/2023 '],['Year Established: '],['Business Address 1: 208 Tuttle Road'],['Business Address 2:   '],['City: San Antonio '],['State/Territory: Texas'],['Phone: (210) 570-2105'],['Fax: 0000000000'],{'Educational Services' 'Information' 'Professional Scientific and Technical Services' 'Administrative and Support and Waste Management and Remediation Services'},True,False,False
Silicon Warriors Inc,['DUNS: 117455434'],mailto:vinod@siliconwarriorsinc.com,,['Last Verified: 9/10/2020 '],['Expiration Date: 9/10/2023 '],['Year Established: 2019'],['Business Address 1: 454 Soledad St. Ste. 203D'],['Business Address 2:   '],['City: San Antonio '],['State/Territory: Texas'],['Phone: (786) 374-8154'],['Fax: '],{'Professional Scientific and Technical Services'},True,False,False
Silotech Group Inc,['DUNS: 828582531'],mailto:ttremont@silotechgroup.com,http://www.silotechgroup.com,['Last Verified: 6/2/2020 '],['Expiration Date: 6/2/2023 '],['Year Established: 2008'],['Business Address 1: 19026 Ridgewood Parkway Ste. 118'],['Business Address 2:   '],['City: San Antonio '],['State/Territory: Texas'],['Phone: (210) 569-0953'],['Fax: (210) 569-0954'],{'Wholesale Trade' 'Administrative and Support and Waste Management and Remediation Services' 'Professional Scientific and Technical Services' 'Educational Services' 'Health Care and Social Assistance'},True,True,True
Sky Soldier Drones LLC,['DUNS: 081080550'],mailto:joe.baker@skysoldierdrones.com,https://www.skysoldierdrones.com,['Last Verified: 4/26/2019 '],['Expiration Date: 4/26/2022 '],['Year Established: 2017'],['Business Address 1: 21019 US Highway 281 North Suite 830 18'],['Business Address 2:   '],['City: San Antonio '],['State/Territory: Texas'],['Phone: (210) 627-5671'],['Fax: (210) 404-2329'],{'Professional Scientific and Technical Services'},True,False,False
Smith Gordon Nolan,['DUNS: 117542516'],mailto:nsmith@ifrida.com,http://www.ifrida.com,['Last Verified: 6/26/2020 '],['Expiration Date: 6/26/2023 '],['Year Established: 2020'],['Business Address 1: 1803 Mountjoy St.'],['Business Address 2:   '],['City: San Antonio '],['State/Territory: Texas'],['Phone: (972) 880-5655'],['Fax: '],{'Manufacturing' 'Wholesale Trade'},False,False,False
Solutio Environmental Inc.,['DUNS: 027064061'],mailto:mcclain@solutioenv.com,http://www.solutioenv.com,['Last Verified: 6/20/2019 '],['Expiration Date: 6/20/2022 '],['Year Established: 2008'],['Business Address 1: 13003 Jones Maltsberger Road'],['Business Address 2:   '],['City: San Antonio '],['State/Territory: Texas'],['Phone: (210) 749-7000'],['Fax: '],{'Professional Scientific and Technical Services' 'Administrative and Support and Waste Management and Remediation Services'},True,False,False
Stephen D Pullum,['DUNS: 117967722'],mailto:SPULLUM@GMAIL.COM,,['Last Verified: 4/21/2021 '],['Expiration Date: 4/21/2024 '],['Year Established: '],['Business Address 1: 18211 Bulverde Rd. #2305'],['Business Address 2:   '],['City: San Antonio '],['State/Territory: Texas'],['Phone: (903) 930-8814'],['Fax: '],{'Professional Scientific and Technical Services'},True,False,False
STRK SOLUTIONS LIMITED LLC,['DUNS: 020288370'],mailto:steviestephens@strk.solutions,,['Last Verified: 5/21/2020 '],['Expiration Date: 5/21/2023 '],['Year Established: 2018'],['Business Address 1: 11623 Cardinal Sky'],['Business Address 2:   '],['City: San Antonio '],['State/Territory: Texas'],['Phone: (210) 906-5856'],['Fax: '],{'Manufacturing' 'Wholesale Trade'},True,False,True
TBC American Enterprise Inc.,['DUNS: 077626543'],mailto:wbrown@tbcsatx.com,,['Last Verified: 10/20/2020 '],['Expiration Date: 10/20/2023 '],['Year Established: 2018'],['Business Address 1: 3410 Pinnacle Dr.'],['Business Address 2:   '],['City: San Antonio '],['State/Territory: Texas'],['Phone: (434) 426-3690'],['Fax: '],{'Manufacturing' 'Health Care and Social Assistance' 'Professional Scientific and Technical Services' 'Wholesale Trade'},True,False,False
Texas Safety Solutions Limited Liability Company,['DUNS: 052124964'],mailto:zachary.northcutt@txsafetysolutions.com,https://txsafetysolutions.com,['Last Verified: 6/28/2019 '],['Expiration Date: 6/28/2022 '],['Year Established: 2017'],['Business Address 1: 8303 LAJITAS BND'],['Business Address 2:   '],['City: San Antonio '],['State/Territory: Texas'],['Phone: (903) 261-8396'],['Fax: '],{'Professional Scientific and Technical Services' 'Administrative and Support and Waste Management and Remediation Services'},True,False,False
Texas Velocity Enterprises LLC,['DUNS: 965727055'],mailto:drichardson@poweredbyvelocity.com,http://www.poweredbyvelocity.com,['Last Verified: 2/27/2019 '],['Expiration Date: 2/27/2022 '],['Year Established: 2010'],['Business Address 1: 426 Seguin Street'],['Business Address 2:   '],['City: San Antonio '],['State/Territory: Texas'],['Phone: (410) 279-0927'],['Fax: (410) 280-4757'],{'Manufacturing' 'Construction' 'Utilities' 'Professional Scientific and Technical Services'},True,False,False
The Ruiz Corp. L.L.C.,['DUNS: 133601612'],mailto:demetrio@aztech-engineering.com,http://www.aztech-engineering.com/,['Last Verified: 5/2/2019 '],['Expiration Date: 5/2/2022 '],['Year Established: 2003'],['Business Address 1: 1846 Lockhill Selma'],['Business Address 2: Suite 101  '],['City: San Antonio '],['State/Territory: Texas'],['Phone: (210) 222-1970'],['Fax: (210) 222-2004'],{'Construction' 'Real Estate Rental and Leasing' 'Professional Scientific and Technical Services' 'Administrative and Support and Waste Management and Remediation Services'},True,False,True
Thomas Terrance,['DUNS: 080476895'],mailto:tamarancetech@outlook.com,,['Last Verified: 10/21/2020 '],['Expiration Date: 10/21/2023 '],['Year Established: 2019'],['Business Address 1: 578 Sterling Street'],['Business Address 2:   '],['City: San Antonio '],['State/Territory: Texas'],['Phone: (210) 789-5079'],['Fax: (210) 855-6911'],{'Educational Services' 'Professional Scientific and Technical Services'},True,True,False
Tijerina Construction LLC,['DUNS: 930253922'],mailto:henry.tijerina.jr@gmail.com,,['Last Verified: 5/20/2020 '],['Expiration Date: 5/20/2023 '],['Year Established: 2001'],['Business Address 1: 15577 Rosa Street'],['Business Address 2:   '],['City: San Antonio '],['State/Territory: Texas'],['Phone: (210) 884-5910'],['Fax: '],{'Manufacturing' 'Construction' 'Administrative and Support and Waste Management and Remediation Services'},True,False,True
TOBIN Engineers LLC,['DUNS: 117449128'],mailto:tflinn@tobinengineers.com,http://www.tobinengineers.com,['Last Verified: 6/24/2020 '],['Expiration Date: 6/24/2023 '],['Year Established: 2019'],['Business Address 1: 603 Walnut Hill St.'],['Business Address 2:   '],['City: San Antonio '],['State/Territory: Texas'],['Phone: (512) 619-7353'],['Fax: '],{'Construction' 'Health Care and Social Assistance' 'Professional Scientific and Technical Services'},True,False,False
Today's Solutions LLC,['DUNS: 080152323'],mailto:chris.amaker@todayssolutions.net,,['Last Verified: 5/24/2019 '],['Expiration Date: 5/24/2022 '],['Year Established: 2015'],['Business Address 1: 2313 Lockhill-Selma'],['Business Address 2: Ste. 180  '],['City: San Antonio '],['State/Territory: Texas'],['Phone: (210) 607-0228'],['Fax: '],{'Professional Scientific and Technical Services' 'Finance and Insurance'},True,False,True
Valor United LLC.,['DUNS: 080568856'],mailto:gene.espino@valorunitedllc.com,,['Last Verified: 7/22/2020 '],['Expiration Date: 7/22/2023 '],['Year Established: 2017'],['Business Address 1: 3706 Weir Ave.'],['Business Address 2: Apt B.  '],['City: San Antonio '],['State/Territory: Texas'],['Phone: (210) 201-2834'],['Fax: '],{'Administrative and Support and Waste Management and Remediation Services'},True,False,True
Van Nielsen Healthcare Consulting LLC,['DUNS: 117681316'],mailto:sroberts21@satx.rr.com,,['Last Verified: 12/28/2020 '],['Expiration Date: 12/28/2023 '],['Year Established: '],['Business Address 1: 17 Trophy Ridge'],['Business Address 2:   '],['City: San Antonio '],['State/Territory: Texas'],['Phone: (210) 823-0561'],['Fax: '],{'Health Care and Social Assistance'},True,False,False
Vela Group LLC,['DUNS: 079832543'],mailto:joe.vela@velagroupinc.com,http://www.velagroupinc.com,['Last Verified: 5/13/2019 '],['Expiration Date: 5/13/2022 '],['Year Established: 2015'],['Business Address 1: 4007 McCullough Ave'],['Business Address 2: Suite 462  '],['City: San Antonio '],['State/Territory: Texas'],['Phone: (210) 548-4264'],['Fax: '],{'Construction' 'Administrative and Support and Waste Management and Remediation Services'},True,False,True
Velocity/CFM JV LLC,['DUNS: 079885482'],mailto:drichardson@poweredbyvelocity.com,,['Last Verified: 5/6/2019 '],['Expiration Date: 5/6/2022 '],['Year Established: 2015'],['Business Address 1: 426 Seguin Street'],['Business Address 2:   '],['City: San Antonio '],['State/Territory: Texas'],['Phone: (410) 279-0927'],['Fax: '],{'Construction' 'Professional Scientific and Technical Services' 'Administrative and Support and Waste Management and Remediation Services'},True,False,False
VETEK Solutions LLC,['DUNS: 080194796'],mailto:fred.casillas@aci-sdvob.com,http://www.aci-sdvob.com,['Last Verified: 4/5/2019 '],['Expiration Date: 4/5/2022 '],['Year Established: 2016'],['Business Address 1: 10205 Oasis St.'],['Business Address 2: Suite 220  '],['City: San Antonio '],['State/Territory: Texas'],['Phone: (210) 829-8560'],['Fax: (210) 417-4110'],{'Professional Scientific and Technical Services'},True,False,True
Vetranspro  LLC,['DUNS: 080556035'],mailto:ghamlin@vetranspro.com,,['Last Verified: 3/11/2020 '],['Expiration Date: 3/11/2023 '],['Year Established: 2017'],['Business Address 1: 14402 Palomino Place'],['Business Address 2:   '],['City: San Antonio '],['State/Territory: Texas'],['Phone: (919) 738-5089'],['Fax: '],{'Manufacturing' 'Transportation and Warehousing'},True,False,False
VF Services LLC,['DUNS: 081106238'],mailto:drichardson@poweredbyvelocity.com,,['Last Verified: 3/19/2021 '],['Expiration Date: 3/19/2024 '],['Year Established: 2018'],['Business Address 1: 10450 Sentinel Street'],['Business Address 2:   '],['City: San Antonio '],['State/Territory: Texas'],['Phone: (410) 279-0927'],['Fax: '],{'Construction' 'Health Care and Social Assistance'},True,False,False
Victor Stansberry Sr.,['DUNS: 967481529'],mailto:vtberry@gmail.com,,['Last Verified: 8/11/2020 '],['Expiration Date: 8/11/2023 '],['Year Established: 2011'],['Business Address 1: 1777 NE Loop 410'],['Business Address 2: Suite 600  '],['City: San Antonio '],['State/Territory: Texas'],['Phone: 2108202651'],['Fax: '],{'Professional Scientific and Technical Services'},True,False,True
Victory Business Solutions LLC,['DUNS: 080395928'],mailto:vbsllc01@gmail.com,,['Last Verified: 8/20/2019 '],['Expiration Date: 8/20/2022 '],['Year Established: 2016'],['Business Address 1: 9314 Wind Talker'],['Business Address 2:   '],['City: San Antonio '],['State/Territory: Texas'],['Phone: (210) 753-3953'],['Fax: '],{'Administrative and Support and Waste Management and Remediation Services'},True,True,True
Vighter LLC,['DUNS: 808862705'],mailto:info@vighter.com,https://www.vighter.com,['Last Verified: 5/24/2019 '],['Expiration Date: 5/24/2022 '],['Year Established: 2005'],['Business Address 1: 11324 Sir Winston Street'],['Business Address 2:   '],['City: San Antonio '],['State/Territory: Texas'],['Phone: (210) 774-5393'],['Fax: (888) 408-5586'],{'Manufacturing' 'Administrative and Support and Waste Management and Remediation Services' 'Retail Trade' 'Professional Scientific and Technical Services' 'Educational Services' 'Health Care and Social Assistance'},True,False,False
Warrior RN LLC,['DUNS: 117956329'],mailto:Jeffrey.clark@vsusa.org,,['Last Verified: 5/11/2021 '],['Expiration Date: 5/11/2024 '],['Year Established: '],['Business Address 1: 6609 Blanco Rd. Ste. 260'],['Business Address 2:   '],['City: San Antonio '],['State/Territory: Texas'],['Phone: (210) 633-7411'],['Fax: '],{'Health Care and Social Assistance'},True,False,False
Worldwide Construction Solutions LLC,['DUNS: 078705875'],mailto:wlamar@wcsolutiontx.com,www.wcsolutionstx.com,['Last Verified: 12/6/2018 '],['Expiration Date: 12/6/2021 '],['Year Established: 2009'],['Business Address 1: 10410 Perrin Beitel Road 34741'],['Business Address 2:   '],['City: San Antonio '],['State/Territory: Texas'],['Phone: (210) 296-8996'],['Fax: (210) 670-7909'],{'Construction' 'Administrative and Support and Waste Management and Remediation Services'},True,False,True
Xozus Purchasing LLC,['DUNS: 117878792'],mailto:xozus1234@gmail.com,,['Last Verified: 3/12/2021 '],['Expiration Date: 3/12/2024 '],['Year Established: '],['Business Address 1: 24515 Merlot Way'],['Business Address 2:   '],['City: San Antonio '],['State/Territory: Texas'],['Phone: (443) 694-7982'],['Fax: '],{'Retail Trade' 'Wholesale Trade'},True,False,False
Yoshida Solutions LLC,['DUNS: 117446001'],mailto:ay@yoshidasolutions.com,http://www.yoshidasolutions.com/,['Last Verified: 9/2/2020 '],['Expiration Date: 9/2/2023 '],['Year Established: 2020'],['Business Address 1: 223 Carolina St. Apt. 2'],['Business Address 2:   '],['City: San Antonio '],['State/Territory: Texas'],['Phone: (850) 543-9787'],['Fax: '],{'Wholesale Trade' 'Manufacturing' 'Health Care and Social Assistance' 'Arts Entertainment and Recreation' 'Administrative and Support and Waste Management and Remediation Services' 'Retail Trade' 'Professional Scientific and Technical Services' 'Other Services (except Public Administration)' 'Construction' 'Mining'},True,False,False
